year,quarter,month,day,toll,volume
2007,Q2,Apr,2007/4/1,51.85,15543
2007,Q2,Apr,2007/4/2,45.91,13617
2007,Q2,Apr,2007/4/3,45.17,13871
2007,Q2,Apr,2007/4/4,49.47,14144
2007,Q2,Apr,2007/4/5,48.14,15784
2007,Q2,Apr,2007/4/6,49.15,14828
2007,Q2,Apr,2007/4/7,52.95,15210
2007,Q2,Apr,2007/4/8,47.58,14346
2007,Q2,Apr,2007/4/9,48.94,13943
2007,Q2,Apr,2007/4/10,44.41,13709
2007,Q2,Apr,2007/4/11,48.12,14776
2007,Q2,Apr,2007/4/12,51.9,15422
2007,Q2,Apr,2007/4/13,48.12,15282
2007,Q2,Apr,2007/4/14,54.95,16319
2007,Q2,Apr,2007/4/15,49.13,14804
2007,Q2,Apr,2007/4/16,48.64,14946
2007,Q2,Apr,2007/4/17,47.58,14414
2007,Q2,Apr,2007/4/18,49.45,15178
2007,Q2,Apr,2007/4/19,49.8,14914
2007,Q2,Apr,2007/4/20,51.36,15189
2007,Q2,Apr,2007/4/21,54.59,15805
2007,Q2,Apr,2007/4/22,48.26,13663
2007,Q2,Apr,2007/4/23,47.48,14292
2007,Q2,Apr,2007/4/24,45.21,13435
2007,Q2,Apr,2007/4/25,48.36,13765
2007,Q2,Apr,2007/4/26,46.79,14098
2007,Q2,Apr,2007/4/27,48.9,14556
2007,Q2,Apr,2007/4/28,50.78,14811
2007,Q2,Apr,2007/4/29,50.52,14616
2007,Q2,Apr,2007/4/30,55.78,17538
2007,Q2,May,2007/5/1,83.87,25985
2007,Q2,May,2007/5/2,66.77,20274
2007,Q2,May,2007/5/3,60.46,18783
2007,Q2,May,2007/5/4,55.58,17298
2007,Q2,May,2007/5/5,57.03,18060
2007,Q2,May,2007/5/6,57.82,18197
2007,Q2,May,2007/5/7,56.46,17776
2007,Q2,May,2007/5/8,47.54,14516
2007,Q2,May,2007/5/9,45.36,14291
2007,Q2,May,2007/5/10,45.27,14502
2007,Q2,May,2007/5/11,45.73,14511
2007,Q2,May,2007/5/12,49.46,14465
2007,Q2,May,2007/5/13,49.28,14384
2007,Q2,May,2007/5/14,47.55,14608
2007,Q2,May,2007/5/15,47.68,14614
2007,Q2,May,2007/5/16,48.09,14343
2007,Q2,May,2007/5/17,50.27,15095
2007,Q2,May,2007/5/18,49.9,15225
2007,Q2,May,2007/5/19,53.89,16160
2007,Q2,May,2007/5/20,47.79,14537
2007,Q2,May,2007/5/21,46.44,14866
2007,Q2,May,2007/5/22,46.58,14589
2007,Q2,May,2007/5/23,47.98,14518
2007,Q2,May,2007/5/24,45.3,14272
2007,Q2,May,2007/5/25,49.68,14765
2007,Q2,May,2007/5/26,53.33,16020
2007,Q2,May,2007/5/27,50.77,15244
2007,Q2,May,2007/5/28,48.93,14757
2007,Q2,May,2007/5/29,48.44,14724
2007,Q2,May,2007/5/30,50.98,14848
2007,Q2,May,2007/5/31,53.23,15873
2007,Q2,Jun,2007/6/1,49.91,14367
2007,Q2,Jun,2007/6/2,56.72,14207
2007,Q2,Jun,2007/6/3,57.1,13663
2007,Q2,Jun,2007/6/4,54.97,13453
2007,Q2,Jun,2007/6/5,60.18,14658
2007,Q2,Jun,2007/6/6,58.64,13822
2007,Q2,Jun,2007/6/7,61.01,13495
2007,Q2,Jun,2007/6/8,59.13,13698
2007,Q2,Jun,2007/6/9,62.84,14017
2007,Q2,Jun,2007/6/10,59.41,12864
2007,Q2,Jun,2007/6/11,58.98,13766
2007,Q2,Jun,2007/6/12,58.12,12893
2007,Q2,Jun,2007/6/13,60.58,13550
2007,Q2,Jun,2007/6/14,64,15062
2007,Q2,Jun,2007/6/15,67.72,15248
2007,Q2,Jun,2007/6/16,66.98,15497
2007,Q2,Jun,2007/6/17,67.02,14506
2007,Q2,Jun,2007/6/18,60.67,14427
2007,Q2,Jun,2007/6/19,62.63,15437
2007,Q2,Jun,2007/6/20,59.26,14416
2007,Q2,Jun,2007/6/21,61.07,14166
2007,Q2,Jun,2007/6/22,61.51,14541
2007,Q2,Jun,2007/6/23,66.84,14847
2007,Q2,Jun,2007/6/24,61.91,14378
2007,Q2,Jun,2007/6/25,67.44,15165
2007,Q2,Jun,2007/6/26,61.78,14784
2007,Q2,Jun,2007/6/27,63.25,16235
2007,Q2,Jun,2007/6/28,62.31,14808
2007,Q2,Jun,2007/6/29,65.39,14801
2007,Q2,Jun,2007/6/30,65.47,15382
2007,Q3,Jul,2007/7/1,63.96,15100
2007,Q3,Jul,2007/7/2,59.77,14814
2007,Q3,Jul,2007/7/3,64.1,15461
2007,Q3,Jul,2007/7/4,63.71,15381
2007,Q3,Jul,2007/7/5,65.03,16018
2007,Q3,Jul,2007/7/6,67.22,16983
2007,Q3,Jul,2007/7/7,71.89,17162
2007,Q3,Jul,2007/7/8,67.6,16851
2007,Q3,Jul,2007/7/9,64.58,15729
2007,Q3,Jul,2007/7/10,65.53,15875
2007,Q3,Jul,2007/7/11,66.11,15410
2007,Q3,Jul,2007/7/12,63.37,15762
2007,Q3,Jul,2007/7/13,63.07,15277
2007,Q3,Jul,2007/7/14,70.82,16775
2007,Q3,Jul,2007/7/15,66.8,15469
2007,Q3,Jul,2007/7/16,63.78,15953
2007,Q3,Jul,2007/7/17,59.01,14092
2007,Q3,Jul,2007/7/18,56.26,13466
2007,Q3,Jul,2007/7/19,60.38,14053
2007,Q3,Jul,2007/7/20,59.41,14453
2007,Q3,Jul,2007/7/21,62.55,15167
2007,Q3,Jul,2007/7/22,60.34,14203
2007,Q3,Jul,2007/7/23,56.71,14821
2007,Q3,Jul,2007/7/24,58.82,14652
2007,Q3,Jul,2007/7/25,61.69,15317
2007,Q3,Jul,2007/7/26,59.97,15499
2007,Q3,Jul,2007/7/27,60.91,15359
2007,Q3,Jul,2007/7/28,64.23,16050
2007,Q3,Jul,2007/7/29,59.44,14784
2007,Q3,Jul,2007/7/30,57.62,15187
2007,Q3,Jul,2007/7/31,59.55,15579
2007,Q3,Aug,2007/8/1,58.79,15694
2007,Q3,Aug,2007/8/2,58.49,15428
2007,Q3,Aug,2007/8/3,65.68,16218
2007,Q3,Aug,2007/8/4,64.58,16573
2007,Q3,Aug,2007/8/5,62.01,15450
2007,Q3,Aug,2007/8/6,60.39,15732
2007,Q3,Aug,2007/8/7,62,15811
2007,Q3,Aug,2007/8/8,61.7,15789
2007,Q3,Aug,2007/8/9,64.32,16331
2007,Q3,Aug,2007/8/10,63.89,16320
2007,Q3,Aug,2007/8/11,68.08,17254
2007,Q3,Aug,2007/8/12,62.13,15307
2007,Q3,Aug,2007/8/13,61.84,15692
2007,Q3,Aug,2007/8/14,62.17,15167
2007,Q3,Aug,2007/8/15,63.42,15891
2007,Q3,Aug,2007/8/16,62.15,15902
2007,Q3,Aug,2007/8/17,66.77,16157
2007,Q3,Aug,2007/8/18,71.11,17577
2007,Q3,Aug,2007/8/19,64.9,16660
2007,Q3,Aug,2007/8/20,66.35,16675
2007,Q3,Aug,2007/8/21,62.1,15146
2007,Q3,Aug,2007/8/22,62.81,15516
2007,Q3,Aug,2007/8/23,65.15,15721
2007,Q3,Aug,2007/8/24,61.57,15540
2007,Q3,Aug,2007/8/25,73.23,17783
2007,Q3,Aug,2007/8/26,69,16752
2007,Q3,Aug,2007/8/27,63.7,16294
2007,Q3,Aug,2007/8/28,63.6,16190
2007,Q3,Aug,2007/8/29,65.02,16235
2007,Q3,Aug,2007/8/30,63.92,16378
2007,Q3,Aug,2007/8/31,63.54,17602
2007,Q3,Sep,2007/9/1,65.44,16178
2007,Q3,Sep,2007/9/2,62.04,14264
2007,Q3,Sep,2007/9/3,59.15,14875
2007,Q3,Sep,2007/9/4,60.19,14673
2007,Q3,Sep,2007/9/5,60.84,15162
2007,Q3,Sep,2007/9/6,61.93,15201
2007,Q3,Sep,2007/9/7,61.4,15075
2007,Q3,Sep,2007/9/8,66.33,15183
2007,Q3,Sep,2007/9/9,62.65,13693
2007,Q3,Sep,2007/9/10,60.62,14825
2007,Q3,Sep,2007/9/11,56,14472
2007,Q3,Sep,2007/9/12,67.97,15906
2007,Q3,Sep,2007/9/13,62.97,14667
2007,Q3,Sep,2007/9/14,61.48,14847
2007,Q3,Sep,2007/9/15,71.31,16791
2007,Q3,Sep,2007/9/16,62.05,15540
2007,Q3,Sep,2007/9/17,60.94,14702
2007,Q3,Sep,2007/9/18,58.35,14475
2007,Q3,Sep,2007/9/19,63.55,15636
2007,Q3,Sep,2007/9/20,65.17,16145
2007,Q3,Sep,2007/9/21,65.3,16213
2007,Q3,Sep,2007/9/22,63.88,16126
2007,Q3,Sep,2007/9/23,63.9,15588
2007,Q3,Sep,2007/9/24,68.05,15885
2007,Q3,Sep,2007/9/25,60.9,15220
2007,Q3,Sep,2007/9/26,60.88,15652
2007,Q3,Sep,2007/9/27,64.89,16277
2007,Q3,Sep,2007/9/28,63.56,16606
2007,Q3,Sep,2007/9/29,68,17156
2007,Q3,Sep,2007/9/30,70.77,19898
2007,Q4,Oct,2007/10/1,94.89,28132
2007,Q4,Oct,2007/10/2,74.67,21242
2007,Q4,Oct,2007/10/3,74.24,21366
2007,Q4,Oct,2007/10/4,70.54,20105
2007,Q4,Oct,2007/10/5,69.34,19719
2007,Q4,Oct,2007/10/6,70.41,19666
2007,Q4,Oct,2007/10/7,71.87,19071
2007,Q4,Oct,2007/10/8,59.87,16185
2007,Q4,Oct,2007/10/9,59.24,15328
2007,Q4,Oct,2007/10/10,60.25,14890
2007,Q4,Oct,2007/10/11,62.46,15028
2007,Q4,Oct,2007/10/12,64.74,14767
2007,Q4,Oct,2007/10/13,65.21,14696
2007,Q4,Oct,2007/10/14,62.85,13872
2007,Q4,Oct,2007/10/15,62.53,14468
2007,Q4,Oct,2007/10/16,61.42,14349
2007,Q4,Oct,2007/10/17,57.75,14970
2007,Q4,Oct,2007/10/18,60.21,14544
2007,Q4,Oct,2007/10/19,67.79,15222
2007,Q4,Oct,2007/10/20,65.34,15655
2007,Q4,Oct,2007/10/21,64.65,14777
2007,Q4,Oct,2007/10/22,60.95,15004
2007,Q4,Oct,2007/10/23,61.94,15075
2007,Q4,Oct,2007/10/24,62.36,14746
2007,Q4,Oct,2007/10/25,61.97,15047
2007,Q4,Oct,2007/10/26,65.29,16170
2007,Q4,Oct,2007/10/27,69.52,16614
2007,Q4,Oct,2007/10/28,63.78,15053
2007,Q4,Oct,2007/10/29,60.06,14612
2007,Q4,Oct,2007/10/30,62.29,14638
2007,Q4,Oct,2007/10/31,61.34,14756
2007,Q4,Nov,2007/11/1,59.03,14402
2007,Q4,Nov,2007/11/2,61.76,15030
2007,Q4,Nov,2007/11/3,68.65,16866
2007,Q4,Nov,2007/11/4,63.14,15246
2007,Q4,Nov,2007/11/5,64.16,16396
2007,Q4,Nov,2007/11/6,64.06,15842
2007,Q4,Nov,2007/11/7,62.14,15746
2007,Q4,Nov,2007/11/8,63.37,16326
2007,Q4,Nov,2007/11/9,64.52,16132
2007,Q4,Nov,2007/11/10,71.65,17822
2007,Q4,Nov,2007/11/11,67.47,16047
2007,Q4,Nov,2007/11/12,60.88,16019
2007,Q4,Nov,2007/11/13,61.51,15379
2007,Q4,Nov,2007/11/14,63.73,15991
2007,Q4,Nov,2007/11/15,62.31,15786
2007,Q4,Nov,2007/11/16,65.22,16264
2007,Q4,Nov,2007/11/17,63.02,16591
2007,Q4,Nov,2007/11/18,64.63,14715
2007,Q4,Nov,2007/11/19,61.42,15553
2007,Q4,Nov,2007/11/20,59.01,15088
2007,Q4,Nov,2007/11/21,67.2,16172
2007,Q4,Nov,2007/11/22,63,16079
2007,Q4,Nov,2007/11/23,61.82,15952
2007,Q4,Nov,2007/11/24,64.66,16128
2007,Q4,Nov,2007/11/25,68.38,15824
2007,Q4,Nov,2007/11/26,63.36,16692
2007,Q4,Nov,2007/11/27,62.55,15630
2007,Q4,Nov,2007/11/28,65.48,17085
2007,Q4,Nov,2007/11/29,68.01,17502
2007,Q4,Nov,2007/11/30,90.81,24117
2007,Q4,Dec,2007/12/1,43.92,10910
2007,Q4,Dec,2007/12/2,65.16,16316
2007,Q4,Dec,2007/12/3,67.1,17499
2007,Q4,Dec,2007/12/4,65.55,16359
2007,Q4,Dec,2007/12/5,62.84,15409
2007,Q4,Dec,2007/12/6,64.36,15955
2007,Q4,Dec,2007/12/7,65.53,16547
2007,Q4,Dec,2007/12/8,73.07,17701
2007,Q4,Dec,2007/12/9,60.65,15186
2007,Q4,Dec,2007/12/10,60.64,15788
2007,Q4,Dec,2007/12/11,66.48,16614
2007,Q4,Dec,2007/12/12,65.41,16507
2007,Q4,Dec,2007/12/13,68.43,16899
2007,Q4,Dec,2007/12/14,68.61,17233
2007,Q4,Dec,2007/12/15,68.04,17949
2007,Q4,Dec,2007/12/16,67.83,16868
2007,Q4,Dec,2007/12/17,63.37,16909
2007,Q4,Dec,2007/12/18,66.5,16257
2007,Q4,Dec,2007/12/19,63.09,16245
2007,Q4,Dec,2007/12/20,65.59,16869
2007,Q4,Dec,2007/12/21,69.03,17304
2007,Q4,Dec,2007/12/22,64.43,18156
2007,Q4,Dec,2007/12/23,69.76,17236
2007,Q4,Dec,2007/12/24,63.58,16608
2007,Q4,Dec,2007/12/25,68.96,17617
2007,Q4,Dec,2007/12/26,69.38,17286
2007,Q4,Dec,2007/12/27,64.98,17097
2007,Q4,Dec,2007/12/28,68.62,16776
2007,Q4,Dec,2007/12/29,69.63,17887
2007,Q4,Dec,2007/12/30,97.93,25817
2007,Q4,Dec,2007/12/31,43.79,11642
2008,Q1,Jan,2008/1/1,76.96,18654
2008,Q1,Jan,2008/1/2,62.03,17081
2008,Q1,Jan,2008/1/3,62.88,16524
2008,Q1,Jan,2008/1/4,66.74,16956
2008,Q1,Jan,2008/1/5,74.46,17967
2008,Q1,Jan,2008/1/6,72.1,17613
2008,Q1,Jan,2008/1/7,70.27,17233
2008,Q1,Jan,2008/1/8,70.15,16628
2008,Q1,Jan,2008/1/9,64.22,15012
2008,Q1,Jan,2008/1/10,82.86,18483
2008,Q1,Jan,2008/1/11,76.21,17938
2008,Q1,Jan,2008/1/12,80.05,18714
2008,Q1,Jan,2008/1/13,74.85,16955
2008,Q1,Jan,2008/1/14,65.99,16296
2008,Q1,Jan,2008/1/15,40.37,15179
2008,Q1,Jan,2008/1/16,66.81,18225
2008,Q1,Jan,2008/1/17,77.92,18472
2008,Q1,Jan,2008/1/18,80.48,17946
2008,Q1,Jan,2008/1/19,41.75,15903
2008,Q1,Jan,2008/1/20,43.76,15698
2008,Q1,Jan,2008/1/21,63.32,17150
2008,Q1,Jan,2008/1/22,58.18,16270
2008,Q1,Jan,2008/1/23,64.87,15809
2008,Q1,Jan,2008/1/24,57.68,17083
2008,Q1,Jan,2008/1/25,58.02,16650
2008,Q1,Jan,2008/1/26,57.43,17352
2008,Q1,Jan,2008/1/27,49.39,16550
2008,Q1,Jan,2008/1/28,54.07,16982
2008,Q1,Jan,2008/1/29,47.45,16486
2008,Q1,Jan,2008/1/30,47.66,16824
2008,Q1,Jan,2008/1/31,68.96,19272
2008,Q1,Feb,2008/2/1,68.73,18617
2008,Q1,Feb,2008/2/2,63.46,20737
2008,Q1,Feb,2008/2/3,74.4,22902
2008,Q1,Feb,2008/2/4,77.33,26471
2008,Q1,Feb,2008/2/5,66.55,25495
2008,Q1,Feb,2008/2/6,45.39,18953
2008,Q1,Feb,2008/2/7,23.48,15166
2008,Q1,Feb,2008/2/8,33.63,19705
2008,Q1,Feb,2008/2/9,44.12,22182
2008,Q1,Feb,2008/2/10,47.54,21792
2008,Q1,Feb,2008/2/11,55.33,22056
2008,Q1,Feb,2008/2/12,86.46,28075
2008,Q1,Feb,2008/2/13,59.7,20153
2008,Q1,Feb,2008/2/14,61.93,20828
2008,Q1,Feb,2008/2/15,82.19,23619
2008,Q1,Feb,2008/2/16,83.71,23954
2008,Q1,Feb,2008/2/17,83.77,21443
2008,Q1,Feb,2008/2/18,81.14,20480
2008,Q1,Feb,2008/2/19,84.58,19477
2008,Q1,Feb,2008/2/20,81.37,18088
2008,Q1,Feb,2008/2/21,75.95,17437
2008,Q1,Feb,2008/2/22,80.14,19743
2008,Q1,Feb,2008/2/23,84.2,18880
2008,Q1,Feb,2008/2/24,77.25,18163
2008,Q1,Feb,2008/2/25,78.13,18080
2008,Q1,Feb,2008/2/26,75.35,16189
2008,Q1,Feb,2008/2/27,80.8,17495
2008,Q1,Feb,2008/2/28,76.94,17979
2008,Q1,Feb,2008/2/29,83.52,18397
2008,Q1,Mar,2008/3/1,81.06,18407
2008,Q1,Mar,2008/3/2,78.48,17661
2008,Q1,Mar,2008/3/3,74.53,17770
2008,Q1,Mar,2008/3/4,73.65,17397
2008,Q1,Mar,2008/3/5,77.7,17711
2008,Q1,Mar,2008/3/6,78.76,17761
2008,Q1,Mar,2008/3/7,79.61,17858
2008,Q1,Mar,2008/3/8,80.24,18312
2008,Q1,Mar,2008/3/9,76.32,16743
2008,Q1,Mar,2008/3/10,74.04,17052
2008,Q1,Mar,2008/3/11,77.15,18169
2008,Q1,Mar,2008/3/12,76.23,17689
2008,Q1,Mar,2008/3/13,73.6,16895
2008,Q1,Mar,2008/3/14,80.15,18574
2008,Q1,Mar,2008/3/15,78.24,18288
2008,Q1,Mar,2008/3/16,75.68,17013
2008,Q1,Mar,2008/3/17,74.24,17712
2008,Q1,Mar,2008/3/18,72.45,17216
2008,Q1,Mar,2008/3/19,74.62,17666
2008,Q1,Mar,2008/3/20,74.37,17376
2008,Q1,Mar,2008/3/21,74.84,17295
2008,Q1,Mar,2008/3/22,79.88,17583
2008,Q1,Mar,2008/3/23,76.87,17521
2008,Q1,Mar,2008/3/24,74.29,17773
2008,Q1,Mar,2008/3/25,72.18,17149
2008,Q1,Mar,2008/3/26,77.27,17320
2008,Q1,Mar,2008/3/27,80.49,17481
2008,Q1,Mar,2008/3/28,78.19,18006
2008,Q1,Mar,2008/3/29,77.17,18713
2008,Q1,Mar,2008/3/30,78.18,17114
2008,Q1,Mar,2008/3/31,74.48,17233
2008,Q2,Apr,2008/4/1,72.27,16947
2008,Q2,Apr,2008/4/2,77.04,18001
2008,Q2,Apr,2008/4/3,77.51,18848
2008,Q2,Apr,2008/4/4,93.17,24376
2008,Q2,Apr,2008/4/5,82.9,20593
2008,Q2,Apr,2008/4/6,81.6,20985
2008,Q2,Apr,2008/4/7,72.08,18921
2008,Q2,Apr,2008/4/8,70.67,17886
2008,Q2,Apr,2008/4/9,75.52,17907
2008,Q2,Apr,2008/4/10,78.62,18164
2008,Q2,Apr,2008/4/11,78.19,18256
2008,Q2,Apr,2008/4/12,80.42,18631
2008,Q2,Apr,2008/4/13,75.09,17548
2008,Q2,Apr,2008/4/14,75.26,17743
2008,Q2,Apr,2008/4/15,75.39,17165
2008,Q2,Apr,2008/4/16,76.18,18221
2008,Q2,Apr,2008/4/17,76.85,18236
2008,Q2,Apr,2008/4/18,80.71,19145
2008,Q2,Apr,2008/4/19,71.56,18379
2008,Q2,Apr,2008/4/20,85.5,18524
2008,Q2,Apr,2008/4/21,72.54,17229
2008,Q2,Apr,2008/4/22,69.41,16549
2008,Q2,Apr,2008/4/23,78.96,17349
2008,Q2,Apr,2008/4/24,81.73,18188
2008,Q2,Apr,2008/4/25,84.66,18316
2008,Q2,Apr,2008/4/26,88.49,19462
2008,Q2,Apr,2008/4/27,80.93,18253
2008,Q2,Apr,2008/4/28,79.05,18828
2008,Q2,Apr,2008/4/29,78.87,18639
2008,Q2,Apr,2008/4/30,85.76,20695
2008,Q2,May,2008/5/1,109.54,28771
2008,Q2,May,2008/5/2,83.32,22177
2008,Q2,May,2008/5/3,86.28,22728
2008,Q2,May,2008/5/4,80.92,20113
2008,Q2,May,2008/5/5,71.8,18210
2008,Q2,May,2008/5/6,74.93,18313
2008,Q2,May,2008/5/7,78.1,18823
2008,Q2,May,2008/5/8,79.09,18015
2008,Q2,May,2008/5/9,78.73,18176
2008,Q2,May,2008/5/10,85.38,19139
2008,Q2,May,2008/5/11,78.96,18139
2008,Q2,May,2008/5/12,77.2,18283
2008,Q2,May,2008/5/13,71.98,17887
2008,Q2,May,2008/5/14,67.68,15987
2008,Q2,May,2008/5/15,70.1,17163
2008,Q2,May,2008/5/16,75.22,18583
2008,Q2,May,2008/5/17,75.36,18795
2008,Q2,May,2008/5/18,73.71,18222
2008,Q2,May,2008/5/19,70.61,18045
2008,Q2,May,2008/5/20,74.22,18654
2008,Q2,May,2008/5/21,72.75,17603
2008,Q2,May,2008/5/22,72.59,17644
2008,Q2,May,2008/5/23,72.37,16842
2008,Q2,May,2008/5/24,79.57,18578
2008,Q2,May,2008/5/25,75.05,18347
2008,Q2,May,2008/5/26,70.71,18429
2008,Q2,May,2008/5/27,72.65,17348
2008,Q2,May,2008/5/28,73.9,17338
2008,Q2,May,2008/5/29,70.94,17694
2008,Q2,May,2008/5/30,72.47,16448
2008,Q2,May,2008/5/31,75.28,17949
2008,Q2,Jun,2008/6/1,73.93,17472
2008,Q2,Jun,2008/6/2,72.83,18313
2008,Q2,Jun,2008/6/3,73.9,18392
2008,Q2,Jun,2008/6/4,77.15,18148
2008,Q2,Jun,2008/6/5,75.67,18725
2008,Q2,Jun,2008/6/6,79.53,20131
2008,Q2,Jun,2008/6/7,85.01,21686
2008,Q2,Jun,2008/6/8,72.64,17741
2008,Q2,Jun,2008/6/9,69.15,18983
2008,Q2,Jun,2008/6/10,74.37,18464
2008,Q2,Jun,2008/6/11,67.66,18750
2008,Q2,Jun,2008/6/12,72.89,18361
2008,Q2,Jun,2008/6/13,77.94,18347
2008,Q2,Jun,2008/6/14,74.81,18176
2008,Q2,Jun,2008/6/15,72.8,16768
2008,Q2,Jun,2008/6/16,65.24,15468
2008,Q2,Jun,2008/6/17,74.4,17371
2008,Q2,Jun,2008/6/18,76.72,17980
2008,Q2,Jun,2008/6/19,78.49,18786
2008,Q2,Jun,2008/6/20,77.19,17689
2008,Q2,Jun,2008/6/21,79.35,17653
2008,Q2,Jun,2008/6/22,76.69,16550
2008,Q2,Jun,2008/6/23,71.79,17549
2008,Q2,Jun,2008/6/24,74.81,17790
2008,Q2,Jun,2008/6/25,77.97,18480
2008,Q2,Jun,2008/6/26,77.84,18469
2008,Q2,Jun,2008/6/27,76.32,18080
2008,Q2,Jun,2008/6/28,83.09,19472
2008,Q2,Jun,2008/6/29,82.92,19377
2008,Q2,Jun,2008/6/30,75.23,18895
2008,Q3,Jul,2008/7/1,77.4,18236
2008,Q3,Jul,2008/7/2,75.85,18531
2008,Q3,Jul,2008/7/3,82.13,19416
2008,Q3,Jul,2008/7/4,82.8,19305
2008,Q3,Jul,2008/7/5,84.46,20641
2008,Q3,Jul,2008/7/6,81.57,19142
2008,Q3,Jul,2008/7/7,83.3,19302
2008,Q3,Jul,2008/7/8,80.74,19061
2008,Q3,Jul,2008/7/9,80.55,18860
2008,Q3,Jul,2008/7/10,80.78,19356
2008,Q3,Jul,2008/7/11,83.18,19231
2008,Q3,Jul,2008/7/12,93.49,20650
2008,Q3,Jul,2008/7/13,85.21,19139
2008,Q3,Jul,2008/7/14,82.66,20072
2008,Q3,Jul,2008/7/15,80.06,18473
2008,Q3,Jul,2008/7/16,77.55,18080
2008,Q3,Jul,2008/7/17,82.21,18448
2008,Q3,Jul,2008/7/18,84.15,18758
2008,Q3,Jul,2008/7/19,87.4,20948
2008,Q3,Jul,2008/7/20,84.33,20124
2008,Q3,Jul,2008/7/21,79.37,19058
2008,Q3,Jul,2008/7/22,77.14,17859
2008,Q3,Jul,2008/7/23,75.53,17423
2008,Q3,Jul,2008/7/24,76.9,18330
2008,Q3,Jul,2008/7/25,82.2,18819
2008,Q3,Jul,2008/7/26,90.02,21470
2008,Q3,Jul,2008/7/27,86.1,19845
2008,Q3,Jul,2008/7/28,78.95,19283
2008,Q3,Jul,2008/7/29,79.7,18263
2008,Q3,Jul,2008/7/30,79.4,18512
2008,Q3,Jul,2008/7/31,79.83,18393
2008,Q3,Aug,2008/8/1,81.32,18912
2008,Q3,Aug,2008/8/2,90.14,21161
2008,Q3,Aug,2008/8/3,84.4,20104
2008,Q3,Aug,2008/8/4,80.15,19415
2008,Q3,Aug,2008/8/5,76.07,18232
2008,Q3,Aug,2008/8/6,78.27,17810
2008,Q3,Aug,2008/8/7,79.73,18721
2008,Q3,Aug,2008/8/8,80.67,19383
2008,Q3,Aug,2008/8/9,76.99,18823
2008,Q3,Aug,2008/8/10,78.78,18619
2008,Q3,Aug,2008/8/11,77.38,18365
2008,Q3,Aug,2008/8/12,76.25,18466
2008,Q3,Aug,2008/8/13,78.32,18326
2008,Q3,Aug,2008/8/14,76.54,18063
2008,Q3,Aug,2008/8/15,82.15,18183
2008,Q3,Aug,2008/8/16,86.02,19464
2008,Q3,Aug,2008/8/17,79.25,18376
2008,Q3,Aug,2008/8/18,79.48,18766
2008,Q3,Aug,2008/8/19,75.84,18532
2008,Q3,Aug,2008/8/20,82.7,18848
2008,Q3,Aug,2008/8/21,82.76,18961
2008,Q3,Aug,2008/8/22,81.77,18738
2008,Q3,Aug,2008/8/23,91.77,21114
2008,Q3,Aug,2008/8/24,89.56,20785
2008,Q3,Aug,2008/8/25,83.1,19540
2008,Q3,Aug,2008/8/26,78.93,18513
2008,Q3,Aug,2008/8/27,82.96,19580
2008,Q3,Aug,2008/8/28,80.6,18990
2008,Q3,Aug,2008/8/29,86.05,19522
2008,Q3,Aug,2008/8/30,85.95,19403
2008,Q3,Aug,2008/8/31,78.65,17682
2008,Q3,Sep,2008/9/1,74.08,17901
2008,Q3,Sep,2008/9/2,75.66,17665
2008,Q3,Sep,2008/9/3,76.25,17472
2008,Q3,Sep,2008/9/4,81.1,17591
2008,Q3,Sep,2008/9/5,79.5,18376
2008,Q3,Sep,2008/9/6,87.9,19611
2008,Q3,Sep,2008/9/7,77.48,17753
2008,Q3,Sep,2008/9/8,76.92,18608
2008,Q3,Sep,2008/9/9,82.72,19217
2008,Q3,Sep,2008/9/10,81.93,19502
2008,Q3,Sep,2008/9/11,83.68,19580
2008,Q3,Sep,2008/9/12,87.05,19956
2008,Q3,Sep,2008/9/13,98.49,23332
2008,Q3,Sep,2008/9/14,82.81,19693
2008,Q3,Sep,2008/9/15,75.43,19309
2008,Q3,Sep,2008/9/16,80.28,18804
2008,Q3,Sep,2008/9/17,73.94,18076
2008,Q3,Sep,2008/9/18,79.89,18486
2008,Q3,Sep,2008/9/19,85.17,19390
2008,Q3,Sep,2008/9/20,87.2,19574
2008,Q3,Sep,2008/9/21,83.16,18450
2008,Q3,Sep,2008/9/22,79.65,18737
2008,Q3,Sep,2008/9/23,81,18438
2008,Q3,Sep,2008/9/24,84.59,19197
2008,Q3,Sep,2008/9/25,79.66,18577
2008,Q3,Sep,2008/9/26,84.12,18959
2008,Q3,Sep,2008/9/27,110.26,25396
2008,Q3,Sep,2008/9/28,62.04,14672
2008,Q3,Sep,2008/9/29,124.41,32204
2008,Q3,Sep,2008/9/30,114.38,27426
2008,Q4,Oct,2008/10/1,99.81,27223
2008,Q4,Oct,2008/10/2,91.61,26417
2008,Q4,Oct,2008/10/3,95.04,25679
2008,Q4,Oct,2008/10/4,94.26,25155
2008,Q4,Oct,2008/10/5,95.81,25749
2008,Q4,Oct,2008/10/6,73.33,18966
2008,Q4,Oct,2008/10/7,73.47,18522
2008,Q4,Oct,2008/10/8,77.29,18129
2008,Q4,Oct,2008/10/9,77.45,18424
2008,Q4,Oct,2008/10/10,83.67,19264
2008,Q4,Oct,2008/10/11,83.49,18436
2008,Q4,Oct,2008/10/12,79.7,17045
2008,Q4,Oct,2008/10/13,77.92,17702
2008,Q4,Oct,2008/10/14,78.33,17957
2008,Q4,Oct,2008/10/15,79.21,18789
2008,Q4,Oct,2008/10/16,77.75,18251
2008,Q4,Oct,2008/10/17,84.71,19343
2008,Q4,Oct,2008/10/18,83.97,19736
2008,Q4,Oct,2008/10/19,83.27,18676
2008,Q4,Oct,2008/10/20,79.93,18976
2008,Q4,Oct,2008/10/21,76.5,18440
2008,Q4,Oct,2008/10/22,75.28,18215
2008,Q4,Oct,2008/10/23,76.86,18086
2008,Q4,Oct,2008/10/24,80.53,19046
2008,Q4,Oct,2008/10/25,76.59,17702
2008,Q4,Oct,2008/10/26,68.87,15767
2008,Q4,Oct,2008/10/27,69.71,16188
2008,Q4,Oct,2008/10/28,67.74,16200
2008,Q4,Oct,2008/10/29,71.47,16314
2008,Q4,Oct,2008/10/30,71.05,16098
2008,Q4,Oct,2008/10/31,66.49,15647
2008,Q4,Nov,2008/11/1,72.36,16678
2008,Q4,Nov,2008/11/2,63.54,15269
2008,Q4,Nov,2008/11/3,71.32,18376
2008,Q4,Nov,2008/11/4,70.04,17651
2008,Q4,Nov,2008/11/5,67.13,17278
2008,Q4,Nov,2008/11/6,70.43,17154
2008,Q4,Nov,2008/11/7,70.3,17229
2008,Q4,Nov,2008/11/8,77.26,19905
2008,Q4,Nov,2008/11/9,75.97,19242
2008,Q4,Nov,2008/11/10,72.04,19049
2008,Q4,Nov,2008/11/11,73.29,18081
2008,Q4,Nov,2008/11/12,72.75,18357
2008,Q4,Nov,2008/11/13,70.31,17390
2008,Q4,Nov,2008/11/14,75.25,18153
2008,Q4,Nov,2008/11/15,78,19189
2008,Q4,Nov,2008/11/16,74.58,18159
2008,Q4,Nov,2008/11/17,69.65,17345
2008,Q4,Nov,2008/11/18,69.62,16764
2008,Q4,Nov,2008/11/19,68.78,16539
2008,Q4,Nov,2008/11/20,71.55,17362
2008,Q4,Nov,2008/11/21,74.92,18962
2008,Q4,Nov,2008/11/22,75.24,19578
2008,Q4,Nov,2008/11/23,74.64,19741
2008,Q4,Nov,2008/11/24,67.4,17650
2008,Q4,Nov,2008/11/25,75.18,18135
2008,Q4,Nov,2008/11/26,68.95,18000
2008,Q4,Nov,2008/11/27,72.99,18495
2008,Q4,Nov,2008/11/28,77.69,18742
2008,Q4,Nov,2008/11/29,77.78,19457
2008,Q4,Nov,2008/11/30,72.92,18138
2008,Q4,Dec,2008/12/1,70.52,18386
2008,Q4,Dec,2008/12/2,72.31,17884
2008,Q4,Dec,2008/12/3,75.13,18824
2008,Q4,Dec,2008/12/4,74.13,18000
2008,Q4,Dec,2008/12/5,77.53,18702
2008,Q4,Dec,2008/12/6,82.11,19044
2008,Q4,Dec,2008/12/7,75.49,18802
2008,Q4,Dec,2008/12/8,72.27,18204
2008,Q4,Dec,2008/12/9,74.6,18863
2008,Q4,Dec,2008/12/10,73.85,19386
2008,Q4,Dec,2008/12/11,76.07,18880
2008,Q4,Dec,2008/12/12,77.27,19105
2008,Q4,Dec,2008/12/13,84.25,20053
2008,Q4,Dec,2008/12/14,76.01,18193
2008,Q4,Dec,2008/12/15,74.74,19087
2008,Q4,Dec,2008/12/16,74.97,18900
2008,Q4,Dec,2008/12/17,76.21,19323
2008,Q4,Dec,2008/12/18,78.36,19626
2008,Q4,Dec,2008/12/19,79.37,19824
2008,Q4,Dec,2008/12/20,84.26,21369
2008,Q4,Dec,2008/12/21,79.31,19648
2008,Q4,Dec,2008/12/22,71.73,18506
2008,Q4,Dec,2008/12/23,69.8,17314
2008,Q4,Dec,2008/12/24,81.45,19070
2008,Q4,Dec,2008/12/25,149.77,35638
2008,Q4,Dec,2008/12/26,12.3,4651
2008,Q4,Dec,2008/12/27,86.1,20969
2008,Q4,Dec,2008/12/28,106.63,26172
2008,Q4,Dec,2008/12/29,74.47,18614
2008,Q4,Dec,2008/12/30,52.45,12393
2008,Q4,Dec,2008/12/31,83.21,20510
2009,Q1,Jan,2009/1/1,87.46,23456
2009,Q1,Jan,2009/1/2,75.69,20298
2009,Q1,Jan,2009/1/3,79.63,21711
2009,Q1,Jan,2009/1/4,79.46,19542
2009,Q1,Jan,2009/1/5,79.43,19314
2009,Q1,Jan,2009/1/6,83.74,19263
2009,Q1,Jan,2009/1/7,84.56,19276
2009,Q1,Jan,2009/1/8,91.25,20819
2009,Q1,Jan,2009/1/9,90.12,21495
2009,Q1,Jan,2009/1/10,102.61,23295
2009,Q1,Jan,2009/1/11,95.18,22793
2009,Q1,Jan,2009/1/12,100.61,23526
2009,Q1,Jan,2009/1/13,96.57,22706
2009,Q1,Jan,2009/1/14,100.68,24016
2009,Q1,Jan,2009/1/15,103.82,25514
2009,Q1,Jan,2009/1/16,104.72,25625
2009,Q1,Jan,2009/1/17,123.49,29262
2009,Q1,Jan,2009/1/18,121.95,27797
2009,Q1,Jan,2009/1/19,107.46,27219
2009,Q1,Jan,2009/1/20,116.67,28266
2009,Q1,Jan,2009/1/21,103.62,29845
2009,Q1,Jan,2009/1/22,113.66,32933
2009,Q1,Jan,2009/1/23,102.78,32217
2009,Q1,Jan,2009/1/24,83.1,31475
2009,Q1,Jan,2009/1/25,54.25,23332
2009,Q1,Jan,2009/1/26,30.49,18569
2009,Q1,Jan,2009/1/27,43.26,24327
2009,Q1,Jan,2009/1/28,57.91,27986
2009,Q1,Jan,2009/1/29,62.69,26940
2009,Q1,Jan,2009/1/30,73.64,28334
2009,Q1,Jan,2009/1/31,108.54,35540
2009,Q1,Feb,2009/2/1,77.68,23351
2009,Q1,Feb,2009/2/2,81.31,25598
2009,Q1,Feb,2009/2/3,105.27,28317
2009,Q1,Feb,2009/2/4,101.41,26778
2009,Q1,Feb,2009/2/5,101.23,25186
2009,Q1,Feb,2009/2/6,109.97,27975
2009,Q1,Feb,2009/2/7,107.27,25841
2009,Q1,Feb,2009/2/8,91.82,21056
2009,Q1,Feb,2009/2/9,84.68,20272
2009,Q1,Feb,2009/2/10,95.26,23273
2009,Q1,Feb,2009/2/11,101.4,22737
2009,Q1,Feb,2009/2/12,93.86,21427
2009,Q1,Feb,2009/2/13,105.13,23039
2009,Q1,Feb,2009/2/14,100.02,22955
2009,Q1,Feb,2009/2/15,96.68,21775
2009,Q1,Feb,2009/2/16,91.57,20885
2009,Q1,Feb,2009/2/17,91.55,20143
2009,Q1,Feb,2009/2/18,91.92,20663
2009,Q1,Feb,2009/2/19,92.67,20665
2009,Q1,Feb,2009/2/20,94.71,20558
2009,Q1,Feb,2009/2/21,95.42,21292
2009,Q1,Feb,2009/2/22,88.76,20486
2009,Q1,Feb,2009/2/23,91.2,20718
2009,Q1,Feb,2009/2/24,89.86,20398
2009,Q1,Feb,2009/2/25,87.7,20553
2009,Q1,Feb,2009/2/26,91.33,20326
2009,Q1,Feb,2009/2/27,89.85,20396
2009,Q1,Feb,2009/2/28,93.67,20267
2009,Q1,Mar,2009/3/1,86.94,18494
2009,Q1,Mar,2009/3/2,87.37,19723
2009,Q1,Mar,2009/3/3,85.51,19435
2009,Q1,Mar,2009/3/4,89.74,20477
2009,Q1,Mar,2009/3/5,87.48,19797
2009,Q1,Mar,2009/3/6,88.99,20732
2009,Q1,Mar,2009/3/7,95.63,21936
2009,Q1,Mar,2009/3/8,85.16,20479
2009,Q1,Mar,2009/3/9,85.2,20783
2009,Q1,Mar,2009/3/10,87.46,20846
2009,Q1,Mar,2009/3/11,89.71,20741
2009,Q1,Mar,2009/3/12,89.82,20333
2009,Q1,Mar,2009/3/13,86.51,19777
2009,Q1,Mar,2009/3/14,92.38,21728
2009,Q1,Mar,2009/3/15,95.9,21955
2009,Q1,Mar,2009/3/16,88.46,21314
2009,Q1,Mar,2009/3/17,88.95,20299
2009,Q1,Mar,2009/3/18,91.02,21426
2009,Q1,Mar,2009/3/19,90.03,20727
2009,Q1,Mar,2009/3/20,91.68,21116
2009,Q1,Mar,2009/3/21,97.96,22846
2009,Q1,Mar,2009/3/22,82.76,21164
2009,Q1,Mar,2009/3/23,94.08,21685
2009,Q1,Mar,2009/3/24,86.35,19749
2009,Q1,Mar,2009/3/25,122.47,28437
2009,Q1,Mar,2009/3/26,59.54,14342
2009,Q1,Mar,2009/3/27,94.99,21648
2009,Q1,Mar,2009/3/28,125.74,27872
2009,Q1,Mar,2009/3/29,56.66,13137
2009,Q1,Mar,2009/3/30,87.02,20426
2009,Q1,Mar,2009/3/31,86.91,19935
2009,Q2,Apr,2009/4/1,85.54,20487
2009,Q2,Apr,2009/4/2,88.08,20347
2009,Q2,Apr,2009/4/3,93.71,22120
2009,Q2,Apr,2009/4/4,101.16,27273
2009,Q2,Apr,2009/4/5,89,23341
2009,Q2,Apr,2009/4/6,92.2,24001
2009,Q2,Apr,2009/4/7,85.48,21679
2009,Q2,Apr,2009/4/8,83.59,20902
2009,Q2,Apr,2009/4/9,86.56,20392
2009,Q2,Apr,2009/4/10,89.02,20934
2009,Q2,Apr,2009/4/11,91.92,20325
2009,Q2,Apr,2009/4/12,84.87,19166
2009,Q2,Apr,2009/4/13,85.56,20448
2009,Q2,Apr,2009/4/14,88.92,20951
2009,Q2,Apr,2009/4/15,93.92,21220
2009,Q2,Apr,2009/4/16,89.32,20869
2009,Q2,Apr,2009/4/17,94.16,22289
2009,Q2,Apr,2009/4/18,94.31,21256
2009,Q2,Apr,2009/4/19,84.64,19506
2009,Q2,Apr,2009/4/20,85.97,20777
2009,Q2,Apr,2009/4/21,92.78,20915
2009,Q2,Apr,2009/4/22,90.57,21026
2009,Q2,Apr,2009/4/23,89.36,20008
2009,Q2,Apr,2009/4/24,89.53,20243
2009,Q2,Apr,2009/4/25,93.72,21162
2009,Q2,Apr,2009/4/26,89.05,20478
2009,Q2,Apr,2009/4/27,89.14,21280
2009,Q2,Apr,2009/4/28,91.94,21035
2009,Q2,Apr,2009/4/29,94.64,21745
2009,Q2,Apr,2009/4/30,99.24,24255
2009,Q2,May,2009/5/1,119.4,31825
2009,Q2,May,2009/5/2,90.13,23567
2009,Q2,May,2009/5/3,97.44,25971
2009,Q2,May,2009/5/4,87.62,22644
2009,Q2,May,2009/5/5,77.91,19581
2009,Q2,May,2009/5/6,80.07,19235
2009,Q2,May,2009/5/7,85.28,19652
2009,Q2,May,2009/5/8,88.21,20939
2009,Q2,May,2009/5/9,94.48,21673
2009,Q2,May,2009/5/10,88.41,20683
2009,Q2,May,2009/5/11,83.07,19884
2009,Q2,May,2009/5/12,85.58,19354
2009,Q2,May,2009/5/13,88.62,19696
2009,Q2,May,2009/5/14,85.16,19812
2009,Q2,May,2009/5/15,91.23,20142
2009,Q2,May,2009/5/16,93.39,20688
2009,Q2,May,2009/5/17,87.24,20347
2009,Q2,May,2009/5/18,84.84,19326
2009,Q2,May,2009/5/19,84.59,18684
2009,Q2,May,2009/5/20,85.63,20384
2009,Q2,May,2009/5/21,85.46,20676
2009,Q2,May,2009/5/22,89.94,21099
2009,Q2,May,2009/5/23,92.1,20486
2009,Q2,May,2009/5/24,90.65,20089
2009,Q2,May,2009/5/25,83.11,18966
2009,Q2,May,2009/5/26,84.31,19586
2009,Q2,May,2009/5/27,87.27,21168
2009,Q2,May,2009/5/28,97.15,23251
2009,Q2,May,2009/5/29,80.86,19659
2009,Q2,May,2009/5/30,87.44,21231
2009,Q2,May,2009/5/31,82.97,21429
2009,Q2,Jun,2009/6/1,78.37,19465
2009,Q2,Jun,2009/6/2,80.13,19088
2009,Q2,Jun,2009/6/3,89.53,20416
2009,Q2,Jun,2009/6/4,86.38,20469
2009,Q2,Jun,2009/6/5,89.74,20501
2009,Q2,Jun,2009/6/6,88.81,20737
2009,Q2,Jun,2009/6/7,88.31,19614
2009,Q2,Jun,2009/6/8,81.89,19655
2009,Q2,Jun,2009/6/9,78.74,19202
2009,Q2,Jun,2009/6/10,83.56,19089
2009,Q2,Jun,2009/6/11,85.03,19086
2009,Q2,Jun,2009/6/12,87.57,20058
2009,Q2,Jun,2009/6/13,88.41,20593
2009,Q2,Jun,2009/6/14,90.39,20720
2009,Q2,Jun,2009/6/15,86.74,20391
2009,Q2,Jun,2009/6/16,85.87,19692
2009,Q2,Jun,2009/6/17,86.72,19645
2009,Q2,Jun,2009/6/18,88.56,19791
2009,Q2,Jun,2009/6/19,89.4,20281
2009,Q2,Jun,2009/6/20,92.12,20030
2009,Q2,Jun,2009/6/21,87.66,18830
2009,Q2,Jun,2009/6/22,81.63,18947
2009,Q2,Jun,2009/6/23,87.38,19242
2009,Q2,Jun,2009/6/24,84.66,20014
2009,Q2,Jun,2009/6/25,88.38,20430
2009,Q2,Jun,2009/6/26,88.77,20412
2009,Q2,Jun,2009/6/27,96.76,21182
2009,Q2,Jun,2009/6/28,86.1,19922
2009,Q2,Jun,2009/6/29,82,18540
2009,Q2,Jun,2009/6/30,81.67,19158
2009,Q3,Jul,2009/7/1,87.36,21192
2009,Q3,Jul,2009/7/2,88.17,21293
2009,Q3,Jul,2009/7/3,89.14,20152
2009,Q3,Jul,2009/7/4,99.45,22609
2009,Q3,Jul,2009/7/5,93.12,21159
2009,Q3,Jul,2009/7/6,87.54,21101
2009,Q3,Jul,2009/7/7,89.92,21229
2009,Q3,Jul,2009/7/8,89.6,21633
2009,Q3,Jul,2009/7/9,95.47,21710
2009,Q3,Jul,2009/7/10,91.33,21111
2009,Q3,Jul,2009/7/11,99.06,22934
2009,Q3,Jul,2009/7/12,94.65,21076
2009,Q3,Jul,2009/7/13,91.45,21851
2009,Q3,Jul,2009/7/14,89.15,21062
2009,Q3,Jul,2009/7/15,92.58,21935
2009,Q3,Jul,2009/7/16,90.8,21184
2009,Q3,Jul,2009/7/17,93.97,22195
2009,Q3,Jul,2009/7/18,102.01,24110
2009,Q3,Jul,2009/7/19,95.03,22088
2009,Q3,Jul,2009/7/20,92.5,22193
2009,Q3,Jul,2009/7/21,86.78,21412
2009,Q3,Jul,2009/7/22,89.13,21306
2009,Q3,Jul,2009/7/23,87.81,21077
2009,Q3,Jul,2009/7/24,88.96,21428
2009,Q3,Jul,2009/7/25,101.14,23211
2009,Q3,Jul,2009/7/26,94.19,22933
2009,Q3,Jul,2009/7/27,85.57,19995
2009,Q3,Jul,2009/7/28,84.45,20429
2009,Q3,Jul,2009/7/29,92.47,21977
2009,Q3,Jul,2009/7/30,93.66,22053
2009,Q3,Jul,2009/7/31,91.26,22255
2009,Q3,Aug,2009/8/1,98.9,24438
2009,Q3,Aug,2009/8/2,90.19,22814
2009,Q3,Aug,2009/8/3,98.57,22033
2009,Q3,Aug,2009/8/4,84.98,18493
2009,Q3,Aug,2009/8/5,69.17,15773
2009,Q3,Aug,2009/8/6,92.16,20205
2009,Q3,Aug,2009/8/7,95.35,22935
2009,Q3,Aug,2009/8/8,107.62,24755
2009,Q3,Aug,2009/8/9,100.8,23400
2009,Q3,Aug,2009/8/10,98.36,22123
2009,Q3,Aug,2009/8/11,93.84,20719
2009,Q3,Aug,2009/8/12,93.38,21182
2009,Q3,Aug,2009/8/13,98,21858
2009,Q3,Aug,2009/8/14,102.04,22941
2009,Q3,Aug,2009/8/15,106.67,23978
2009,Q3,Aug,2009/8/16,103.17,22399
2009,Q3,Aug,2009/8/17,94.83,22359
2009,Q3,Aug,2009/8/18,95.79,22232
2009,Q3,Aug,2009/8/19,97.18,22274
2009,Q3,Aug,2009/8/20,95.85,21589
2009,Q3,Aug,2009/8/21,104.75,22876
2009,Q3,Aug,2009/8/22,110.49,24677
2009,Q3,Aug,2009/8/23,103.95,23592
2009,Q3,Aug,2009/8/24,94.49,23527
2009,Q3,Aug,2009/8/25,100.69,22829
2009,Q3,Aug,2009/8/26,97.32,23271
2009,Q3,Aug,2009/8/27,98.88,22999
2009,Q3,Aug,2009/8/28,100.45,23337
2009,Q3,Aug,2009/8/29,102.07,23038
2009,Q3,Aug,2009/8/30,100.66,21642
2009,Q3,Aug,2009/8/31,93.37,21911
2009,Q3,Sep,2009/9/1,91.86,20453
2009,Q3,Sep,2009/9/2,88.22,20061
2009,Q3,Sep,2009/9/3,94.53,20824
2009,Q3,Sep,2009/9/4,97.22,21176
2009,Q3,Sep,2009/9/5,101.43,22205
2009,Q3,Sep,2009/9/6,102.68,20921
2009,Q3,Sep,2009/9/7,95.05,20981
2009,Q3,Sep,2009/9/8,96.51,21500
2009,Q3,Sep,2009/9/9,95.94,22659
2009,Q3,Sep,2009/9/10,97.74,21266
2009,Q3,Sep,2009/9/11,100.01,21364
2009,Q3,Sep,2009/9/12,103.14,22158
2009,Q3,Sep,2009/9/13,100.18,21839
2009,Q3,Sep,2009/9/14,97.55,21274
2009,Q3,Sep,2009/9/15,100.6,20199
2009,Q3,Sep,2009/9/16,95.59,21819
2009,Q3,Sep,2009/9/17,99.3,21622
2009,Q3,Sep,2009/9/18,97.71,21560
2009,Q3,Sep,2009/9/19,105.31,22098
2009,Q3,Sep,2009/9/20,97.52,19923
2009,Q3,Sep,2009/9/21,96.89,21210
2009,Q3,Sep,2009/9/22,95.77,20598
2009,Q3,Sep,2009/9/23,101.63,21664
2009,Q3,Sep,2009/9/24,102.28,22142
2009,Q3,Sep,2009/9/25,102.62,21687
2009,Q3,Sep,2009/9/26,104.7,22189
2009,Q3,Sep,2009/9/27,101.7,20766
2009,Q3,Sep,2009/9/28,103.92,22379
2009,Q3,Sep,2009/9/29,103.94,22593
2009,Q3,Sep,2009/9/30,153.74,38444
2009,Q4,Oct,2009/10/1,84.24,24892
2009,Q4,Oct,2009/10/2,104.65,30148
2009,Q4,Oct,2009/10/3,99,27040
2009,Q4,Oct,2009/10/4,84.01,25799
2009,Q4,Oct,2009/10/5,100.68,27682
2009,Q4,Oct,2009/10/6,100.1,27796
2009,Q4,Oct,2009/10/7,109.15,28557
2009,Q4,Oct,2009/10/8,109.54,26856
2009,Q4,Oct,2009/10/9,93.38,20357
2009,Q4,Oct,2009/10/10,92.13,19584
2009,Q4,Oct,2009/10/11,92.36,19166
2009,Q4,Oct,2009/10/12,88.25,19220
2009,Q4,Oct,2009/10/13,93.99,20009
2009,Q4,Oct,2009/10/14,95.32,20122
2009,Q4,Oct,2009/10/15,95.45,20520
2009,Q4,Oct,2009/10/16,100.84,21588
2009,Q4,Oct,2009/10/17,105.03,23026
2009,Q4,Oct,2009/10/18,96.58,20886
2009,Q4,Oct,2009/10/19,92.36,20196
2009,Q4,Oct,2009/10/20,94.92,20219
2009,Q4,Oct,2009/10/21,98.44,20589
2009,Q4,Oct,2009/10/22,97.85,21207
2009,Q4,Oct,2009/10/23,104.06,22322
2009,Q4,Oct,2009/10/24,107.59,23107
2009,Q4,Oct,2009/10/25,98.05,21297
2009,Q4,Oct,2009/10/26,95.5,20837
2009,Q4,Oct,2009/10/27,94.28,20426
2009,Q4,Oct,2009/10/28,96.25,23487
2009,Q4,Oct,2009/10/29,99.35,21601
2009,Q4,Oct,2009/10/30,102.92,21573
2009,Q4,Oct,2009/10/31,103.89,22921
2009,Q4,Nov,2009/11/1,97.03,20803
2009,Q4,Nov,2009/11/2,91.77,21079
2009,Q4,Nov,2009/11/3,92.35,20832
2009,Q4,Nov,2009/11/4,96.01,21453
2009,Q4,Nov,2009/11/5,95.44,22171
2009,Q4,Nov,2009/11/6,103.73,23163
2009,Q4,Nov,2009/11/7,106.02,22961
2009,Q4,Nov,2009/11/8,100.9,21192
2009,Q4,Nov,2009/11/9,96.54,21534
2009,Q4,Nov,2009/11/10,96.33,21813
2009,Q4,Nov,2009/11/11,101.55,21698
2009,Q4,Nov,2009/11/12,95.01,20844
2009,Q4,Nov,2009/11/13,104.45,22223
2009,Q4,Nov,2009/11/14,106.74,23236
2009,Q4,Nov,2009/11/15,96.12,21603
2009,Q4,Nov,2009/11/16,92.39,21295
2009,Q4,Nov,2009/11/17,97.57,21282
2009,Q4,Nov,2009/11/18,93.73,23253
2009,Q4,Nov,2009/11/19,99.01,21922
2009,Q4,Nov,2009/11/20,103.16,22324
2009,Q4,Nov,2009/11/21,101.8,22465
2009,Q4,Nov,2009/11/22,92.86,21570
2009,Q4,Nov,2009/11/23,92.84,20911
2009,Q4,Nov,2009/11/24,100.2,20932
2009,Q4,Nov,2009/11/25,98.31,21680
2009,Q4,Nov,2009/11/26,102.11,21997
2009,Q4,Nov,2009/11/27,106.9,22567
2009,Q4,Nov,2009/11/28,107.13,22403
2009,Q4,Nov,2009/11/29,104.81,21565
2009,Q4,Nov,2009/11/30,99.55,21941
2009,Q4,Dec,2009/12/1,98.91,21554
2009,Q4,Dec,2009/12/2,95.34,21929
2009,Q4,Dec,2009/12/3,102.01,22096
2009,Q4,Dec,2009/12/4,104.03,23308
2009,Q4,Dec,2009/12/5,107.72,23752
2009,Q4,Dec,2009/12/6,100.48,23158
2009,Q4,Dec,2009/12/7,97.7,22242
2009,Q4,Dec,2009/12/8,98.55,21356
2009,Q4,Dec,2009/12/9,99.57,21615
2009,Q4,Dec,2009/12/10,102.53,22301
2009,Q4,Dec,2009/12/11,106.55,22781
2009,Q4,Dec,2009/12/12,107.71,23930
2009,Q4,Dec,2009/12/13,105.29,22603
2009,Q4,Dec,2009/12/14,96.73,21944
2009,Q4,Dec,2009/12/15,102.63,22031
2009,Q4,Dec,2009/12/16,106.06,22661
2009,Q4,Dec,2009/12/17,106.65,22344
2009,Q4,Dec,2009/12/18,107.24,22925
2009,Q4,Dec,2009/12/19,109.13,24365
2009,Q4,Dec,2009/12/20,109.51,23714
2009,Q4,Dec,2009/12/21,134.44,30140
2009,Q4,Dec,2009/12/22,71.15,15829
2009,Q4,Dec,2009/12/23,103.14,23369
2009,Q4,Dec,2009/12/24,107.78,23156
2009,Q4,Dec,2009/12/25,108.22,23444
2009,Q4,Dec,2009/12/26,111.48,23652
2009,Q4,Dec,2009/12/27,112.07,23488
2009,Q4,Dec,2009/12/28,101.84,22956
2009,Q4,Dec,2009/12/29,108.61,23655
2009,Q4,Dec,2009/12/30,145.65,29479
2009,Q4,Dec,2009/12/31,68.97,19544
2010,Q1,Jan,2010/1/1,115.47,29748
2010,Q1,Jan,2010/1/2,81.58,22697
2010,Q1,Jan,2010/1/3,108.34,26519
2010,Q1,Jan,2010/1/4,96.1,23474
2010,Q1,Jan,2010/1/5,94.49,21700
2010,Q1,Jan,2010/1/6,101.09,22338
2010,Q1,Jan,2010/1/7,106.64,22810
2010,Q1,Jan,2010/1/8,103.71,20699
2010,Q1,Jan,2010/1/9,118.95,26055
2010,Q1,Jan,2010/1/10,110.64,24114
2010,Q1,Jan,2010/1/11,101.8,22619
2010,Q1,Jan,2010/1/12,105.29,21581
2010,Q1,Jan,2010/1/13,108.8,23226
2010,Q1,Jan,2010/1/14,109.71,22908
2010,Q1,Jan,2010/1/15,111.57,24428
2010,Q1,Jan,2010/1/16,110.88,25165
2010,Q1,Jan,2010/1/17,118.69,25296
2010,Q1,Jan,2010/1/18,108.54,22699
2010,Q1,Jan,2010/1/19,113.11,24005
2010,Q1,Jan,2010/1/20,113.14,23111
2010,Q1,Jan,2010/1/21,122.62,25100
2010,Q1,Jan,2010/1/22,102.98,21974
2010,Q1,Jan,2010/1/23,128.38,26243
2010,Q1,Jan,2010/1/24,116.65,24865
2010,Q1,Jan,2010/1/25,116.46,24972
2010,Q1,Jan,2010/1/26,120.5,25103
2010,Q1,Jan,2010/1/27,120.67,25373
2010,Q1,Jan,2010/1/28,121.6,26656
2010,Q1,Jan,2010/1/29,125.66,26767
2010,Q1,Jan,2010/1/30,130.39,28051
2010,Q1,Jan,2010/1/31,132.04,27376
2010,Q1,Feb,2010/2/1,121.44,26790
2010,Q1,Feb,2010/2/2,125.63,26525
2010,Q1,Feb,2010/2/3,133.12,28003
2010,Q1,Feb,2010/2/4,129.16,28384
2010,Q1,Feb,2010/2/5,138.89,30703
2010,Q1,Feb,2010/2/6,137.2,30981
2010,Q1,Feb,2010/2/7,136.71,32077
2010,Q1,Feb,2010/2/8,142.7,34649
2010,Q1,Feb,2010/2/9,138,36911
2010,Q1,Feb,2010/2/10,147.91,41548
2010,Q1,Feb,2010/2/11,116.9,38445
2010,Q1,Feb,2010/2/12,121.01,41361
2010,Q1,Feb,2010/2/13,60.29,27899
2010,Q1,Feb,2010/2/14,42.39,25006
2010,Q1,Feb,2010/2/15,58.33,33953
2010,Q1,Feb,2010/2/16,70.57,34254
2010,Q1,Feb,2010/2/17,80.14,33628
2010,Q1,Feb,2010/2/18,97.53,35780
2010,Q1,Feb,2010/2/19,114.42,38284
2010,Q1,Feb,2010/2/20,155.8,41696
2010,Q1,Feb,2010/2/21,115.19,33217
2010,Q1,Feb,2010/2/22,140.13,35829
2010,Q1,Feb,2010/2/23,150.62,36550
2010,Q1,Feb,2010/2/24,124.91,28252
2010,Q1,Feb,2010/2/25,133.53,31853
2010,Q1,Feb,2010/2/26,143.4,31177
2010,Q1,Feb,2010/2/27,123.78,26555
2010,Q1,Feb,2010/2/28,111.86,24783
2010,Q1,Mar,2010/3/1,118.97,26208
2010,Q1,Mar,2010/3/2,118.83,25603
2010,Q1,Mar,2010/3/3,120.99,25856
2010,Q1,Mar,2010/3/4,126.01,26913
2010,Q1,Mar,2010/3/5,115.63,24168
2010,Q1,Mar,2010/3/6,122.23,23215
2010,Q1,Mar,2010/3/7,115.52,22758
2010,Q1,Mar,2010/3/8,113.77,23504
2010,Q1,Mar,2010/3/9,108.34,23524
2010,Q1,Mar,2010/3/10,112.18,23711
2010,Q1,Mar,2010/3/11,113.35,24058
2010,Q1,Mar,2010/3/12,114.19,24477
2010,Q1,Mar,2010/3/13,116.51,25223
2010,Q1,Mar,2010/3/14,112.13,24126
2010,Q1,Mar,2010/3/15,109.67,23462
2010,Q1,Mar,2010/3/16,115.4,22364
2010,Q1,Mar,2010/3/17,112.67,23594
2010,Q1,Mar,2010/3/18,112.54,24682
2010,Q1,Mar,2010/3/19,122.29,25529
2010,Q1,Mar,2010/3/20,122.39,26513
2010,Q1,Mar,2010/3/21,114.03,25465
2010,Q1,Mar,2010/3/22,111.91,25297
2010,Q1,Mar,2010/3/23,108.44,23312
2010,Q1,Mar,2010/3/24,104.14,21758
2010,Q1,Mar,2010/3/25,108.4,23194
2010,Q1,Mar,2010/3/26,110.97,24619
2010,Q1,Mar,2010/3/27,118.12,26129
2010,Q1,Mar,2010/3/28,114.82,24946
2010,Q1,Mar,2010/3/29,105.29,24630
2010,Q1,Mar,2010/3/30,109.23,23974
2010,Q1,Mar,2010/3/31,110.23,23803
2010,Q2,Apr,2010/4/1,109.27,22902
2010,Q2,Apr,2010/4/2,106.66,24326
2010,Q2,Apr,2010/4/3,120.85,28800
2010,Q2,Apr,2010/4/4,111.22,28360
2010,Q2,Apr,2010/4/5,107.12,27894
2010,Q2,Apr,2010/4/6,106.92,25191
2010,Q2,Apr,2010/4/7,97.03,22608
2010,Q2,Apr,2010/4/8,102.24,23415
2010,Q2,Apr,2010/4/9,113.15,25301
2010,Q2,Apr,2010/4/10,117.84,25862
2010,Q2,Apr,2010/4/11,107.08,21935
2010,Q2,Apr,2010/4/12,106.17,23959
2010,Q2,Apr,2010/4/13,109.58,24111
2010,Q2,Apr,2010/4/14,106.65,23451
2010,Q2,Apr,2010/4/15,110.53,23519
2010,Q2,Apr,2010/4/16,116.27,25182
2010,Q2,Apr,2010/4/17,117.14,25869
2010,Q2,Apr,2010/4/18,100.86,23081
2010,Q2,Apr,2010/4/19,107.25,24738
2010,Q2,Apr,2010/4/20,106.22,23045
2010,Q2,Apr,2010/4/21,112.29,23685
2010,Q2,Apr,2010/4/22,111.1,22713
2010,Q2,Apr,2010/4/23,108.17,22837
2010,Q2,Apr,2010/4/24,118.22,25152
2010,Q2,Apr,2010/4/25,111.25,23805
2010,Q2,Apr,2010/4/26,105.2,23371
2010,Q2,Apr,2010/4/27,109.75,24694
2010,Q2,Apr,2010/4/28,114.63,25186
2010,Q2,Apr,2010/4/29,112.83,26236
2010,Q2,Apr,2010/4/30,118.96,28174
2010,Q2,May,2010/5/1,144.94,37548
2010,Q2,May,2010/5/2,106.84,28990
2010,Q2,May,2010/5/3,113.26,30553
2010,Q2,May,2010/5/4,104.55,25684
2010,Q2,May,2010/5/5,98.76,23645
2010,Q2,May,2010/5/6,95.77,23289
2010,Q2,May,2010/5/7,109.68,24180
2010,Q2,May,2010/5/8,109.85,24423
2010,Q2,May,2010/5/9,109.9,23736
2010,Q2,May,2010/5/10,105.5,23259
2010,Q2,May,2010/5/11,105.07,23817
2010,Q2,May,2010/5/12,106.75,23999
2010,Q2,May,2010/5/13,109.42,24237
2010,Q2,May,2010/5/14,110.99,24337
2010,Q2,May,2010/5/15,112.9,24890
2010,Q2,May,2010/5/16,106.29,24053
2010,Q2,May,2010/5/17,103.98,24200
2010,Q2,May,2010/5/18,107.96,24012
2010,Q2,May,2010/5/19,109.75,23903
2010,Q2,May,2010/5/20,106.04,22655
2010,Q2,May,2010/5/21,108.95,24049
2010,Q2,May,2010/5/22,112.48,24386
2010,Q2,May,2010/5/23,110.72,25075
2010,Q2,May,2010/5/24,102.71,24754
2010,Q2,May,2010/5/25,102.37,24003
2010,Q2,May,2010/5/26,107.07,24331
2010,Q2,May,2010/5/27,107.86,23743
2010,Q2,May,2010/5/28,109.76,24501
2010,Q2,May,2010/5/29,115.11,25076
2010,Q2,May,2010/5/30,109.84,23928
2010,Q2,May,2010/5/31,96.41,22632
2010,Q2,Jun,2010/6/1,88.75,20683
2010,Q2,Jun,2010/6/2,93.21,21173
2010,Q2,Jun,2010/6/3,97.56,22321
2010,Q2,Jun,2010/6/4,103.16,24871
2010,Q2,Jun,2010/6/5,109.64,25451
2010,Q2,Jun,2010/6/6,98.33,22754
2010,Q2,Jun,2010/6/7,94.48,22755
2010,Q2,Jun,2010/6/8,98.07,21972
2010,Q2,Jun,2010/6/9,101.54,23578
2010,Q2,Jun,2010/6/10,105.88,23712
2010,Q2,Jun,2010/6/11,103.97,23964
2010,Q2,Jun,2010/6/12,105.14,22822
2010,Q2,Jun,2010/6/13,109.66,24472
2010,Q2,Jun,2010/6/14,115.23,28064
2010,Q2,Jun,2010/6/15,107.94,25924
2010,Q2,Jun,2010/6/16,100.41,26954
2010,Q2,Jun,2010/6/17,92.85,24638
2010,Q2,Jun,2010/6/18,92.71,23416
2010,Q2,Jun,2010/6/19,96.71,22942
2010,Q2,Jun,2010/6/20,95.6,22784
2010,Q2,Jun,2010/6/21,98.15,23870
2010,Q2,Jun,2010/6/22,99.96,23425
2010,Q2,Jun,2010/6/23,96.15,20395
2010,Q2,Jun,2010/6/24,97.37,22088
2010,Q2,Jun,2010/6/25,100.27,24624
2010,Q2,Jun,2010/6/26,109.3,25454
2010,Q2,Jun,2010/6/27,101.69,23322
2010,Q2,Jun,2010/6/28,96.37,23473
2010,Q2,Jun,2010/6/29,99.4,24319
2010,Q2,Jun,2010/6/30,99.45,23738
2010,Q3,Jul,2010/7/1,98.16,27241
2010,Q3,Jul,2010/7/2,109.89,27405
2010,Q3,Jul,2010/7/3,119.07,29920
2010,Q3,Jul,2010/7/4,111.66,26915
2010,Q3,Jul,2010/7/5,98.41,23293
2010,Q3,Jul,2010/7/6,99.47,24389
2010,Q3,Jul,2010/7/7,107.17,25081
2010,Q3,Jul,2010/7/8,108.06,25762
2010,Q3,Jul,2010/7/9,105.48,25137
2010,Q3,Jul,2010/7/10,110.46,25971
2010,Q3,Jul,2010/7/11,104.79,23150
2010,Q3,Jul,2010/7/12,105.5,24465
2010,Q3,Jul,2010/7/13,105.06,25080
2010,Q3,Jul,2010/7/14,103.62,24780
2010,Q3,Jul,2010/7/15,109.81,26462
2010,Q3,Jul,2010/7/16,109.19,27014
2010,Q3,Jul,2010/7/17,113.23,27349
2010,Q3,Jul,2010/7/18,107.48,25127
2010,Q3,Jul,2010/7/19,101.56,24724
2010,Q3,Jul,2010/7/20,101.42,23920
2010,Q3,Jul,2010/7/21,103.63,24899
2010,Q3,Jul,2010/7/22,101.1,25351
2010,Q3,Jul,2010/7/23,112.49,26517
2010,Q3,Jul,2010/7/24,115,27789
2010,Q3,Jul,2010/7/25,109.63,26697
2010,Q3,Jul,2010/7/26,103.35,26243
2010,Q3,Jul,2010/7/27,104.38,26546
2010,Q3,Jul,2010/7/28,101.63,25541
2010,Q3,Jul,2010/7/29,101.79,25425
2010,Q3,Jul,2010/7/30,110.31,26899
2010,Q3,Jul,2010/7/31,117.4,29275
2010,Q3,Aug,2010/8/1,110.6,28154
2010,Q3,Aug,2010/8/2,108.91,26249
2010,Q3,Aug,2010/8/3,103.42,26336
2010,Q3,Aug,2010/8/4,103.53,26649
2010,Q3,Aug,2010/8/5,105.19,26588
2010,Q3,Aug,2010/8/6,114.53,27563
2010,Q3,Aug,2010/8/7,120.78,30214
2010,Q3,Aug,2010/8/8,113.24,29453
2010,Q3,Aug,2010/8/9,110.99,28621
2010,Q3,Aug,2010/8/10,106,26680
2010,Q3,Aug,2010/8/11,105.99,26128
2010,Q3,Aug,2010/8/12,108.96,27100
2010,Q3,Aug,2010/8/13,113.14,27890
2010,Q3,Aug,2010/8/14,98.27,31335
2010,Q3,Aug,2010/8/15,85.11,31118
2010,Q3,Aug,2010/8/16,82.9,28192
2010,Q3,Aug,2010/8/17,136.99,28091
2010,Q3,Aug,2010/8/18,110.1,25938
2010,Q3,Aug,2010/8/19,113.64,26790
2010,Q3,Aug,2010/8/20,113.6,27425
2010,Q3,Aug,2010/8/21,129.78,31365
2010,Q3,Aug,2010/8/22,116.61,29544
2010,Q3,Aug,2010/8/23,114.53,27394
2010,Q3,Aug,2010/8/24,105.78,26173
2010,Q3,Aug,2010/8/25,108.99,26827
2010,Q3,Aug,2010/8/26,110.92,26680
2010,Q3,Aug,2010/8/27,101.08,25374
2010,Q3,Aug,2010/8/28,128.76,28749
2010,Q3,Aug,2010/8/29,118.89,27971
2010,Q3,Aug,2010/8/30,109.67,28351
2010,Q3,Aug,2010/8/31,109.12,26858
2010,Q3,Sep,2010/9/1,99.19,23326
2010,Q3,Sep,2010/9/2,99.19,23190
2010,Q3,Sep,2010/9/3,106.95,25617
2010,Q3,Sep,2010/9/4,112.13,26466
2010,Q3,Sep,2010/9/5,104.7,24688
2010,Q3,Sep,2010/9/6,100.83,24325
2010,Q3,Sep,2010/9/7,96.65,23086
2010,Q3,Sep,2010/9/8,105.83,25324
2010,Q3,Sep,2010/9/9,108.78,25362
2010,Q3,Sep,2010/9/10,109.65,25670
2010,Q3,Sep,2010/9/11,121.38,26636
2010,Q3,Sep,2010/9/12,113.48,26055
2010,Q3,Sep,2010/9/13,109.81,25844
2010,Q3,Sep,2010/9/14,106.44,25343
2010,Q3,Sep,2010/9/15,110.25,26044
2010,Q3,Sep,2010/9/16,109.07,26149
2010,Q3,Sep,2010/9/17,113.94,26936
2010,Q3,Sep,2010/9/18,114.88,26064
2010,Q3,Sep,2010/9/19,113.94,26185
2010,Q3,Sep,2010/9/20,115.01,27274
2010,Q3,Sep,2010/9/21,115.54,27632
2010,Q3,Sep,2010/9/22,118.6,29030
2010,Q3,Sep,2010/9/23,98.8,24960
2010,Q3,Sep,2010/9/24,92.8,25298
2010,Q3,Sep,2010/9/25,92.66,26241
2010,Q3,Sep,2010/9/26,100.74,24502
2010,Q3,Sep,2010/9/27,123.69,26229
2010,Q3,Sep,2010/9/28,118.22,26228
2010,Q3,Sep,2010/9/29,119.84,27354
2010,Q3,Sep,2010/9/30,126.51,31119
2010,Q4,Oct,2010/10/1,164.63,47097
2010,Q4,Oct,2010/10/2,181.59,44122
2010,Q4,Oct,2010/10/3,78.44,27688
2010,Q4,Oct,2010/10/4,119.35,33406
2010,Q4,Oct,2010/10/5,126.46,35030
2010,Q4,Oct,2010/10/6,136.2,36641
2010,Q4,Oct,2010/10/7,134.76,33566
2010,Q4,Oct,2010/10/8,112.15,27121
2010,Q4,Oct,2010/10/9,104.4,25672
2010,Q4,Oct,2010/10/10,111.61,26823
2010,Q4,Oct,2010/10/11,107.54,25463
2010,Q4,Oct,2010/10/12,113.56,25401
2010,Q4,Oct,2010/10/13,112.23,25508
2010,Q4,Oct,2010/10/14,108.53,24305
2010,Q4,Oct,2010/10/15,115.94,26516
2010,Q4,Oct,2010/10/16,117.94,27652
2010,Q4,Oct,2010/10/17,113.89,26225
2010,Q4,Oct,2010/10/18,110.03,25718
2010,Q4,Oct,2010/10/19,110.76,26286
2010,Q4,Oct,2010/10/20,112.16,26089
2010,Q4,Oct,2010/10/21,112.68,25579
2010,Q4,Oct,2010/10/22,113.53,26844
2010,Q4,Oct,2010/10/23,127.65,30325
2010,Q4,Oct,2010/10/24,114.32,26467
2010,Q4,Oct,2010/10/25,111.31,25716
2010,Q4,Oct,2010/10/26,111.36,24078
2010,Q4,Oct,2010/10/27,105.1,22760
2010,Q4,Oct,2010/10/28,115.9,24371
2010,Q4,Oct,2010/10/29,112.96,25551
2010,Q4,Oct,2010/10/30,121.56,27403
2010,Q4,Oct,2010/10/31,114.54,26496
2010,Q4,Nov,2010/11/1,107.17,26157
2010,Q4,Nov,2010/11/2,105.51,24150
2010,Q4,Nov,2010/11/3,106.91,24694
2010,Q4,Nov,2010/11/4,113.46,25468
2010,Q4,Nov,2010/11/5,116.78,26211
2010,Q4,Nov,2010/11/6,112.65,26582
2010,Q4,Nov,2010/11/7,121.92,27084
2010,Q4,Nov,2010/11/8,108.59,26601
2010,Q4,Nov,2010/11/9,109.08,24727
2010,Q4,Nov,2010/11/10,107.43,24928
2010,Q4,Nov,2010/11/11,111.91,26235
2010,Q4,Nov,2010/11/12,108.95,26786
2010,Q4,Nov,2010/11/13,105.89,27840
2010,Q4,Nov,2010/11/14,99.57,25430
2010,Q4,Nov,2010/11/15,100.16,24145
2010,Q4,Nov,2010/11/16,100.28,25099
2010,Q4,Nov,2010/11/17,114.75,27008
2010,Q4,Nov,2010/11/18,109.36,26898
2010,Q4,Nov,2010/11/19,106.92,24898
2010,Q4,Nov,2010/11/20,118.91,27998
2010,Q4,Nov,2010/11/21,111.73,25719
2010,Q4,Nov,2010/11/22,110.46,25753
2010,Q4,Nov,2010/11/23,113.31,26222
2010,Q4,Nov,2010/11/24,112.07,25563
2010,Q4,Nov,2010/11/25,114.93,26300
2010,Q4,Nov,2010/11/26,120.08,27824
2010,Q4,Nov,2010/11/27,125.33,28874
2010,Q4,Nov,2010/11/28,122.35,25949
2010,Q4,Nov,2010/11/29,112.93,26486
2010,Q4,Nov,2010/11/30,114.36,25654
2010,Q4,Dec,2010/12/1,114.42,25303
2010,Q4,Dec,2010/12/2,105.43,24800
2010,Q4,Dec,2010/12/3,125.78,27302
2010,Q4,Dec,2010/12/4,131.64,30346
2010,Q4,Dec,2010/12/5,119.87,27223
2010,Q4,Dec,2010/12/6,117.27,27781
2010,Q4,Dec,2010/12/7,117.35,28138
2010,Q4,Dec,2010/12/8,121.5,29403
2010,Q4,Dec,2010/12/9,117.75,28710
2010,Q4,Dec,2010/12/10,121.54,28184
2010,Q4,Dec,2010/12/11,124.05,30347
2010,Q4,Dec,2010/12/12,115.32,27594
2010,Q4,Dec,2010/12/13,114.21,28160
2010,Q4,Dec,2010/12/14,116.98,27548
2010,Q4,Dec,2010/12/15,113.97,26846
2010,Q4,Dec,2010/12/16,102.85,24848
2010,Q4,Dec,2010/12/17,102.8,25847
2010,Q4,Dec,2010/12/18,137.63,33637
2010,Q4,Dec,2010/12/19,118.44,28567
2010,Q4,Dec,2010/12/20,120.11,28440
2010,Q4,Dec,2010/12/21,114.24,26268
2010,Q4,Dec,2010/12/22,113.14,26821
2010,Q4,Dec,2010/12/23,122.83,29392
2010,Q4,Dec,2010/12/24,122.78,29332
2010,Q4,Dec,2010/12/25,123.1,29730
2010,Q4,Dec,2010/12/26,117.16,26206
2010,Q4,Dec,2010/12/27,116.38,29141
2010,Q4,Dec,2010/12/28,112.84,27995
2010,Q4,Dec,2010/12/29,123.23,29182
2010,Q4,Dec,2010/12/30,122.68,28203
2010,Q4,Dec,2010/12/31,124.41,31458
2011,Q1,Jan,2011/1/1,128.86,37217
2011,Q1,Jan,2011/1/2,72.83,27637
2011,Q1,Jan,2011/1/3,63.16,28039
2011,Q1,Jan,2011/1/4,91.2,27026
2011,Q1,Jan,2011/1/5,120.49,28442
2011,Q1,Jan,2011/1/6,106.97,26347
2011,Q1,Jan,2011/1/7,104.1,26668
2011,Q1,Jan,2011/1/8,116.82,28935
2011,Q1,Jan,2011/1/9,115.74,27346
2011,Q1,Jan,2011/1/10,112.15,27140
2011,Q1,Jan,2011/1/11,101.24,26871
2011,Q1,Jan,2011/1/12,103.53,22669
2011,Q1,Jan,2011/1/13,130.9,29804
2011,Q1,Jan,2011/1/14,129.88,31542
2011,Q1,Jan,2011/1/15,130.19,31740
2011,Q1,Jan,2011/1/16,133.35,29236
2011,Q1,Jan,2011/1/17,118.43,28756
2011,Q1,Jan,2011/1/18,95.16,26271
2011,Q1,Jan,2011/1/19,106.65,26189
2011,Q1,Jan,2011/1/20,92.85,25803
2011,Q1,Jan,2011/1/21,125.68,31297
2011,Q1,Jan,2011/1/22,134.88,33236
2011,Q1,Jan,2011/1/23,140.88,33928
2011,Q1,Jan,2011/1/24,135.9,34566
2011,Q1,Jan,2011/1/25,135.4,35532
2011,Q1,Jan,2011/1/26,146.06,39372
2011,Q1,Jan,2011/1/27,141.16,39715
2011,Q1,Jan,2011/1/28,135.26,39571
2011,Q1,Jan,2011/1/29,148.76,44691
2011,Q1,Jan,2011/1/30,125.73,40323
2011,Q1,Jan,2011/1/31,157.39,50853
2011,Q1,Feb,2011/2/1,63.38,34257
2011,Q1,Feb,2011/2/2,60.35,29537
2011,Q1,Feb,2011/2/3,42.62,25407
2011,Q1,Feb,2011/2/4,58.19,32679
2011,Q1,Feb,2011/2/5,81.81,38892
2011,Q1,Feb,2011/2/6,86.78,39562
2011,Q1,Feb,2011/2/7,95.37,39282
2011,Q1,Feb,2011/2/8,123.79,44214
2011,Q1,Feb,2011/2/9,160.07,45447
2011,Q1,Feb,2011/2/10,103.38,33239
2011,Q1,Feb,2011/2/11,160.97,40458
2011,Q1,Feb,2011/2/12,155.27,37679
2011,Q1,Feb,2011/2/13,148.11,36406
2011,Q1,Feb,2011/2/14,134.45,36775
2011,Q1,Feb,2011/2/15,158.49,39361
2011,Q1,Feb,2011/2/16,124.89,29661
2011,Q1,Feb,2011/2/17,122.16,28786
2011,Q1,Feb,2011/2/18,134.73,32044
2011,Q1,Feb,2011/2/19,133.78,29963
2011,Q1,Feb,2011/2/20,133.7,32035
2011,Q1,Feb,2011/2/21,143.71,32524
2011,Q1,Feb,2011/2/22,135.31,30753
2011,Q1,Feb,2011/2/23,130.63,29838
2011,Q1,Feb,2011/2/24,138.63,30331
2011,Q1,Feb,2011/2/25,136.96,30110
2011,Q1,Feb,2011/2/26,141.78,31695
2011,Q1,Feb,2011/2/27,133.2,29151
2011,Q1,Feb,2011/2/28,126.63,29692
2011,Q1,Mar,2011/3/1,124.41,28416
2011,Q1,Mar,2011/3/2,124.69,28306
2011,Q1,Mar,2011/3/3,131.75,28418
2011,Q1,Mar,2011/3/4,132.95,28579
2011,Q1,Mar,2011/3/5,132.88,29504
2011,Q1,Mar,2011/3/6,126.12,28010
2011,Q1,Mar,2011/3/7,118.73,29319
2011,Q1,Mar,2011/3/8,126.82,28149
2011,Q1,Mar,2011/3/9,123.48,28644
2011,Q1,Mar,2011/3/10,123.1,27088
2011,Q1,Mar,2011/3/11,125.74,28228
2011,Q1,Mar,2011/3/12,129.73,29725
2011,Q1,Mar,2011/3/13,131.35,29384
2011,Q1,Mar,2011/3/14,122.18,28638
2011,Q1,Mar,2011/3/15,119.3,26666
2011,Q1,Mar,2011/3/16,120.52,27791
2011,Q1,Mar,2011/3/17,125.69,29252
2011,Q1,Mar,2011/3/18,129.12,29953
2011,Q1,Mar,2011/3/19,128.13,31988
2011,Q1,Mar,2011/3/20,120.5,28424
2011,Q1,Mar,2011/3/21,111.96,26751
2011,Q1,Mar,2011/3/22,116.27,26010
2011,Q1,Mar,2011/3/23,118.57,26874
2011,Q1,Mar,2011/3/24,119.17,27411
2011,Q1,Mar,2011/3/25,123.82,27699
2011,Q1,Mar,2011/3/26,126.5,29453
2011,Q1,Mar,2011/3/27,122.26,28775
2011,Q1,Mar,2011/3/28,120.82,30723
2011,Q1,Mar,2011/3/29,119.36,30028
2011,Q1,Mar,2011/3/30,126.15,30145
2011,Q1,Mar,2011/3/31,124.89,28880
2011,Q2,Apr,2011/4/1,120.15,27631
2011,Q2,Apr,2011/4/2,128.49,29526
2011,Q2,Apr,2011/4/3,132.93,35143
2011,Q2,Apr,2011/4/4,127.95,32825
2011,Q2,Apr,2011/4/5,121.73,34712
2011,Q2,Apr,2011/4/6,113.24,31158
2011,Q2,Apr,2011/4/7,113.8,28241
2011,Q2,Apr,2011/4/8,119.26,28407
2011,Q2,Apr,2011/4/9,123.74,29247
2011,Q2,Apr,2011/4/10,118.45,27866
2011,Q2,Apr,2011/4/11,121.34,29655
2011,Q2,Apr,2011/4/12,114.12,27871
2011,Q2,Apr,2011/4/13,118.15,27404
2011,Q2,Apr,2011/4/14,119.08,27851
2011,Q2,Apr,2011/4/15,118.18,27838
2011,Q2,Apr,2011/4/16,127.42,28914
2011,Q2,Apr,2011/4/17,118.4,26699
2011,Q2,Apr,2011/4/18,118.73,28521
2011,Q2,Apr,2011/4/19,117.5,27574
2011,Q2,Apr,2011/4/20,119.82,28072
2011,Q2,Apr,2011/4/21,115.24,26941
2011,Q2,Apr,2011/4/22,130.65,27949
2011,Q2,Apr,2011/4/23,130.82,30323
2011,Q2,Apr,2011/4/24,125.71,28711
2011,Q2,Apr,2011/4/25,119.17,29163
2011,Q2,Apr,2011/4/26,121.55,28725
2011,Q2,Apr,2011/4/27,123.2,29885
2011,Q2,Apr,2011/4/28,127.29,30251
2011,Q2,Apr,2011/4/29,131.7,32991
2011,Q2,Apr,2011/4/30,154.71,43383
2011,Q2,May,2011/5/1,132.61,40404
2011,Q2,May,2011/5/2,119.42,36034
2011,Q2,May,2011/5/3,112.44,31334
2011,Q2,May,2011/5/4,108.64,28060
2011,Q2,May,2011/5/5,111.39,28166
2011,Q2,May,2011/5/6,117.81,29167
2011,Q2,May,2011/5/7,123.5,31023
2011,Q2,May,2011/5/8,117.16,27637
2011,Q2,May,2011/5/9,108.08,27611
2011,Q2,May,2011/5/10,113.8,28158
2011,Q2,May,2011/5/11,112.38,27625
2011,Q2,May,2011/5/12,119.96,27749
2011,Q2,May,2011/5/13,120.01,27992
2011,Q2,May,2011/5/14,119.78,28043
2011,Q2,May,2011/5/15,113.11,25452
2011,Q2,May,2011/5/16,108.95,28796
2011,Q2,May,2011/5/17,112.59,27398
2011,Q2,May,2011/5/18,115.49,28627
2011,Q2,May,2011/5/19,117.04,27291
2011,Q2,May,2011/5/20,119.39,28888
2011,Q2,May,2011/5/21,116.23,29150
2011,Q2,May,2011/5/22,113.42,28491
2011,Q2,May,2011/5/23,110.8,29436
2011,Q2,May,2011/5/24,111.13,31595
2011,Q2,May,2011/5/25,114.61,29831
2011,Q2,May,2011/5/26,117.11,29840
2011,Q2,May,2011/5/27,119.74,29469
2011,Q2,May,2011/5/28,122.82,30293
2011,Q2,May,2011/5/29,115.74,27410
2011,Q2,May,2011/5/30,109.78,28179
2011,Q2,May,2011/5/31,108.83,26831
2011,Q2,Jun,2011/6/1,108.96,26336
2011,Q2,Jun,2011/6/2,111.45,26850
2011,Q2,Jun,2011/6/3,116.85,29985
2011,Q2,Jun,2011/6/4,132.56,34466
2011,Q2,Jun,2011/6/5,121.67,29839
2011,Q2,Jun,2011/6/6,100.85,26329
2011,Q2,Jun,2011/6/7,102.47,33012
2011,Q2,Jun,2011/6/8,100.95,25613
2011,Q2,Jun,2011/6/9,111.29,28911
2011,Q2,Jun,2011/6/10,110.87,29070
2011,Q2,Jun,2011/6/11,115.22,29676
2011,Q2,Jun,2011/6/12,110.65,26466
2011,Q2,Jun,2011/6/13,106.9,27626
2011,Q2,Jun,2011/6/14,107.73,26024
2011,Q2,Jun,2011/6/15,108.44,27770
2011,Q2,Jun,2011/6/16,108.67,28663
2011,Q2,Jun,2011/6/17,107.75,26148
2011,Q2,Jun,2011/6/18,106.72,28120
2011,Q2,Jun,2011/6/19,106.39,26999
2011,Q2,Jun,2011/6/20,102.92,28442
2011,Q2,Jun,2011/6/21,104.44,27770
2011,Q2,Jun,2011/6/22,106.28,29334
2011,Q2,Jun,2011/6/23,110.48,26875
2011,Q2,Jun,2011/6/24,110.37,27595
2011,Q2,Jun,2011/6/25,119.93,30814
2011,Q2,Jun,2011/6/26,113.25,28489
2011,Q2,Jun,2011/6/27,104.5,28413
2011,Q2,Jun,2011/6/28,110.01,29513
2011,Q2,Jun,2011/6/29,114.39,29513
2011,Q2,Jun,2011/6/30,117.91,30268
2011,Q3,Jul,2011/7/1,111.09,30443
2011,Q3,Jul,2011/7/2,116.7,33810
2011,Q3,Jul,2011/7/3,111.54,32464
2011,Q3,Jul,2011/7/4,111.65,30570
2011,Q3,Jul,2011/7/5,111.93,28799
2011,Q3,Jul,2011/7/6,113.42,29956
2011,Q3,Jul,2011/7/7,113.77,29459
2011,Q3,Jul,2011/7/8,123.12,31170
2011,Q3,Jul,2011/7/9,133.96,35332
2011,Q3,Jul,2011/7/10,124.49,32786
2011,Q3,Jul,2011/7/11,118.05,32693
2011,Q3,Jul,2011/7/12,113.96,30405
2011,Q3,Jul,2011/7/13,109.48,29195
2011,Q3,Jul,2011/7/14,114.71,29129
2011,Q3,Jul,2011/7/15,118.3,30826
2011,Q3,Jul,2011/7/16,132.29,34839
2011,Q3,Jul,2011/7/17,123.32,30864
2011,Q3,Jul,2011/7/18,116.45,31125
2011,Q3,Jul,2011/7/19,118.43,30568
2011,Q3,Jul,2011/7/20,118.1,30857
2011,Q3,Jul,2011/7/21,119.14,29989
2011,Q3,Jul,2011/7/22,120.53,30719
2011,Q3,Jul,2011/7/23,133.71,35794
2011,Q3,Jul,2011/7/24,122.86,32434
2011,Q3,Jul,2011/7/25,118.62,31038
2011,Q3,Jul,2011/7/26,114.25,30411
2011,Q3,Jul,2011/7/27,115.85,29581
2011,Q3,Jul,2011/7/28,113.46,29065
2011,Q3,Jul,2011/7/29,122.6,32952
2011,Q3,Jul,2011/7/30,138.19,38388
2011,Q3,Jul,2011/7/31,127.99,35409
2011,Q3,Aug,2011/8/1,126.4,33593
2011,Q3,Aug,2011/8/2,115.52,30267
2011,Q3,Aug,2011/8/3,119.26,31154
2011,Q3,Aug,2011/8/4,118.59,30857
2011,Q3,Aug,2011/8/5,116.39,29002
2011,Q3,Aug,2011/8/6,131.35,36064
2011,Q3,Aug,2011/8/7,121.93,34625
2011,Q3,Aug,2011/8/8,122.21,33129
2011,Q3,Aug,2011/8/9,118.92,31193
2011,Q3,Aug,2011/8/10,120.47,32511
2011,Q3,Aug,2011/8/11,124.25,31777
2011,Q3,Aug,2011/8/12,128.65,33159
2011,Q3,Aug,2011/8/13,146.97,40398
2011,Q3,Aug,2011/8/14,131.07,36704
2011,Q3,Aug,2011/8/15,130.98,34931
2011,Q3,Aug,2011/8/16,121.4,31706
2011,Q3,Aug,2011/8/17,123.31,32262
2011,Q3,Aug,2011/8/18,122.76,32326
2011,Q3,Aug,2011/8/19,131.19,33974
2011,Q3,Aug,2011/8/20,146.94,41314
2011,Q3,Aug,2011/8/21,137.15,35767
2011,Q3,Aug,2011/8/22,138.24,36174
2011,Q3,Aug,2011/8/23,123.49,31018
2011,Q3,Aug,2011/8/24,127.56,32543
2011,Q3,Aug,2011/8/25,129.87,34109
2011,Q3,Aug,2011/8/26,133.11,34486
2011,Q3,Aug,2011/8/27,142.74,37431
2011,Q3,Aug,2011/8/28,133.78,34501
2011,Q3,Aug,2011/8/29,131.01,34226
2011,Q3,Aug,2011/8/30,124.1,31765
2011,Q3,Aug,2011/8/31,118.26,31576
2011,Q3,Sep,2011/9/1,117.73,29576
2011,Q3,Sep,2011/9/2,122.13,31082
2011,Q3,Sep,2011/9/3,131.57,35833
2011,Q3,Sep,2011/9/4,125.84,30923
2011,Q3,Sep,2011/9/5,119.73,30356
2011,Q3,Sep,2011/9/6,117.12,30097
2011,Q3,Sep,2011/9/7,113.14,28963
2011,Q3,Sep,2011/9/8,119.64,29744
2011,Q3,Sep,2011/9/9,124.89,30068
2011,Q3,Sep,2011/9/10,133.53,37902
2011,Q3,Sep,2011/9/11,126.6,35278
2011,Q3,Sep,2011/9/12,111.7,33761
2011,Q3,Sep,2011/9/13,103.18,31438
2011,Q3,Sep,2011/9/14,105.5,28329
2011,Q3,Sep,2011/9/15,117.6,29164
2011,Q3,Sep,2011/9/16,117.72,30440
2011,Q3,Sep,2011/9/17,122.82,31710
2011,Q3,Sep,2011/9/18,119.65,29503
2011,Q3,Sep,2011/9/19,108.77,28079
2011,Q3,Sep,2011/9/20,108.03,27760
2011,Q3,Sep,2011/9/21,114.39,27518
2011,Q3,Sep,2011/9/22,115.25,30147
2011,Q3,Sep,2011/9/23,109.6,27783
2011,Q3,Sep,2011/9/24,132.02,29756
2011,Q3,Sep,2011/9/25,122.68,29217
2011,Q3,Sep,2011/9/26,118.86,30812
2011,Q3,Sep,2011/9/27,119.27,30243
2011,Q3,Sep,2011/9/28,125.87,30516
2011,Q3,Sep,2011/9/29,126.84,31405
2011,Q3,Sep,2011/9/30,132.91,35857
2011,Q4,Oct,2011/10/1,171.95,54477
2011,Q4,Oct,2011/10/2,139.99,43191
2011,Q4,Oct,2011/10/3,112.98,35386
2011,Q4,Oct,2011/10/4,117.36,38743
2011,Q4,Oct,2011/10/5,129.33,40051
2011,Q4,Oct,2011/10/6,140.62,41760
2011,Q4,Oct,2011/10/7,151.16,40776
2011,Q4,Oct,2011/10/8,118.93,32551
2011,Q4,Oct,2011/10/9,114.42,27829
2011,Q4,Oct,2011/10/10,114.66,29136
2011,Q4,Oct,2011/10/11,113.68,29024
2011,Q4,Oct,2011/10/12,116.09,29846
2011,Q4,Oct,2011/10/13,116.89,27491
2011,Q4,Oct,2011/10/14,112.56,29348
2011,Q4,Oct,2011/10/15,122.16,31716
2011,Q4,Oct,2011/10/16,121.61,30359
2011,Q4,Oct,2011/10/17,116.8,32440
2011,Q4,Oct,2011/10/18,121.18,34214
2011,Q4,Oct,2011/10/19,117.82,30246
2011,Q4,Oct,2011/10/20,119.45,29173
2011,Q4,Oct,2011/10/21,122.47,29331
2011,Q4,Oct,2011/10/22,124.5,31266
2011,Q4,Oct,2011/10/23,117.38,28151
2011,Q4,Oct,2011/10/24,110.27,29476
2011,Q4,Oct,2011/10/25,110.79,27416
2011,Q4,Oct,2011/10/26,114.19,28524
2011,Q4,Oct,2011/10/27,114.29,29017
2011,Q4,Oct,2011/10/28,122.25,29845
2011,Q4,Oct,2011/10/29,120.87,31696
2011,Q4,Oct,2011/10/30,118.49,30635
2011,Q4,Oct,2011/10/31,115.76,29664
2011,Q4,Nov,2011/11/1,109.33,27714
2011,Q4,Nov,2011/11/2,111.36,26669
2011,Q4,Nov,2011/11/3,112.71,27466
2011,Q4,Nov,2011/11/4,117.47,30299
2011,Q4,Nov,2011/11/5,122,33028
2011,Q4,Nov,2011/11/6,117.54,29877
2011,Q4,Nov,2011/11/7,107.94,30043
2011,Q4,Nov,2011/11/8,109.19,27825
2011,Q4,Nov,2011/11/9,109.35,28734
2011,Q4,Nov,2011/11/10,116.26,29486
2011,Q4,Nov,2011/11/11,124.17,32254
2011,Q4,Nov,2011/11/12,129.04,33981
2011,Q4,Nov,2011/11/13,112.29,30464
2011,Q4,Nov,2011/11/14,116.05,29334
2011,Q4,Nov,2011/11/15,109.32,27459
2011,Q4,Nov,2011/11/16,113.58,27629
2011,Q4,Nov,2011/11/17,114.15,29310
2011,Q4,Nov,2011/11/18,117.32,30086
2011,Q4,Nov,2011/11/19,129.6,33458
2011,Q4,Nov,2011/11/20,118.25,32854
2011,Q4,Nov,2011/11/21,115.89,33911
2011,Q4,Nov,2011/11/22,116.97,29816
2011,Q4,Nov,2011/11/23,119.36,29623
2011,Q4,Nov,2011/11/24,117.28,31788
2011,Q4,Nov,2011/11/25,123.12,32394
2011,Q4,Nov,2011/11/26,126.21,34461
2011,Q4,Nov,2011/11/27,118.31,30526
2011,Q4,Nov,2011/11/28,114.22,31277
2011,Q4,Nov,2011/11/29,117.17,30466
2011,Q4,Nov,2011/11/30,116.4,29923
2011,Q4,Dec,2011/12/1,113.11,28753
2011,Q4,Dec,2011/12/2,115.37,30234
2011,Q4,Dec,2011/12/3,126.39,33314
2011,Q4,Dec,2011/12/4,114.79,30276
2011,Q4,Dec,2011/12/5,111.38,30949
2011,Q4,Dec,2011/12/6,113.9,30378
2011,Q4,Dec,2011/12/7,112.84,29194
2011,Q4,Dec,2011/12/8,118.77,29544
2011,Q4,Dec,2011/12/9,118.44,28424
2011,Q4,Dec,2011/12/10,128.55,32545
2011,Q4,Dec,2011/12/11,119.79,30911
2011,Q4,Dec,2011/12/12,116.96,31905
2011,Q4,Dec,2011/12/13,119.96,31618
2011,Q4,Dec,2011/12/14,118.13,29804
2011,Q4,Dec,2011/12/15,118.16,30698
2011,Q4,Dec,2011/12/16,122.66,31070
2011,Q4,Dec,2011/12/17,127.22,33969
2011,Q4,Dec,2011/12/18,120.56,32546
2011,Q4,Dec,2011/12/19,117.75,31986
2011,Q4,Dec,2011/12/20,112.7,30738
2011,Q4,Dec,2011/12/21,117.98,29698
2011,Q4,Dec,2011/12/22,118.87,29047
2011,Q4,Dec,2011/12/23,119.61,30243
2011,Q4,Dec,2011/12/24,127.67,33061
2011,Q4,Dec,2011/12/25,120.76,32922
2011,Q4,Dec,2011/12/26,116.48,33414
2011,Q4,Dec,2011/12/27,118.96,31270
2011,Q4,Dec,2011/12/28,130.37,31399
2011,Q4,Dec,2011/12/29,122.65,32073
2011,Q4,Dec,2011/12/30,129.59,32826
2011,Q4,Dec,2011/12/31,133.3,36740
2012,Q1,Jan,2012/1/1,136.41,41608
2012,Q1,Jan,2012/1/2,108.25,34062
2012,Q1,Jan,2012/1/3,119.23,33495
2012,Q1,Jan,2012/1/4,111.97,31699
2012,Q1,Jan,2012/1/5,119.53,32620
2012,Q1,Jan,2012/1/6,127.77,34903
2012,Q1,Jan,2012/1/7,135.16,35992
2012,Q1,Jan,2012/1/8,129.16,35433
2012,Q1,Jan,2012/1/9,130.32,35732
2012,Q1,Jan,2012/1/10,140.85,37850
2012,Q1,Jan,2012/1/11,140.32,37212
2012,Q1,Jan,2012/1/12,151.57,40024
2012,Q1,Jan,2012/1/13,139.93,41985
2012,Q1,Jan,2012/1/14,181.56,48576
2012,Q1,Jan,2012/1/15,152.83,41123
2012,Q1,Jan,2012/1/16,171.01,51073
2012,Q1,Jan,2012/1/17,185.86,55999
2012,Q1,Jan,2012/1/18,181.9,54454
2012,Q1,Jan,2012/1/19,167.78,55482
2012,Q1,Jan,2012/1/20,193,62766
2012,Q1,Jan,2012/1/21,149.85,54061
2012,Q1,Jan,2012/1/22,85.17,39192
2012,Q1,Jan,2012/1/23,58.19,35393
2012,Q1,Jan,2012/1/24,73.3,43796
2012,Q1,Jan,2012/1/25,91.98,47326
2012,Q1,Jan,2012/1/26,99.56,46406
2012,Q1,Jan,2012/1/27,113.59,48268
2012,Q1,Jan,2012/1/28,132.38,51467
2012,Q1,Jan,2012/1/29,165.37,50312
2012,Q1,Jan,2012/1/30,137.72,43847
2012,Q1,Jan,2012/1/31,193.63,54083
2012,Q1,Feb,2012/2/1,148.24,43669
2012,Q1,Feb,2012/2/2,142.11,41104
2012,Q1,Feb,2012/2/3,155.57,41783
2012,Q1,Feb,2012/2/4,147.83,38999
2012,Q1,Feb,2012/2/5,121.24,33706
2012,Q1,Feb,2012/2/6,113.84,31940
2012,Q1,Feb,2012/2/7,147.06,40445
2012,Q1,Feb,2012/2/8,146.04,36532
2012,Q1,Feb,2012/2/9,128.17,34044
2012,Q1,Feb,2012/2/10,137.01,36418
2012,Q1,Feb,2012/2/11,138.56,33801
2012,Q1,Feb,2012/2/12,129.02,31169
2012,Q1,Feb,2012/2/13,126.46,32844
2012,Q1,Feb,2012/2/14,118.51,31713
2012,Q1,Feb,2012/2/15,127.99,34404
2012,Q1,Feb,2012/2/16,131.36,32476
2012,Q1,Feb,2012/2/17,130.55,32400
2012,Q1,Feb,2012/2/18,125.82,31802
2012,Q1,Feb,2012/2/19,119.45,30240
2012,Q1,Feb,2012/2/20,120.68,31448
2012,Q1,Feb,2012/2/21,119.36,31005
2012,Q1,Feb,2012/2/22,119.82,30719
2012,Q1,Feb,2012/2/23,121.08,29730
2012,Q1,Feb,2012/2/24,122.42,30302
2012,Q1,Feb,2012/2/25,126.57,32642
2012,Q1,Feb,2012/2/26,114.47,28284
2012,Q1,Feb,2012/2/27,109.09,30723
2012,Q1,Feb,2012/2/28,119.24,30614
2012,Q1,Feb,2012/2/29,118.17,30071
2012,Q1,Mar,2012/3/1,117.29,30263
2012,Q1,Mar,2012/3/2,122.16,31444
2012,Q1,Mar,2012/3/3,123.1,32924
2012,Q1,Mar,2012/3/4,117.08,30583
2012,Q1,Mar,2012/3/5,116.85,32105
2012,Q1,Mar,2012/3/6,118.17,30785
2012,Q1,Mar,2012/3/7,118.3,32697
2012,Q1,Mar,2012/3/8,120.64,30629
2012,Q1,Mar,2012/3/9,122.54,32834
2012,Q1,Mar,2012/3/10,126.99,32826
2012,Q1,Mar,2012/3/11,121.8,31690
2012,Q1,Mar,2012/3/12,114.05,31932
2012,Q1,Mar,2012/3/13,119.85,30907
2012,Q1,Mar,2012/3/14,123.66,32079
2012,Q1,Mar,2012/3/15,124.38,32188
2012,Q1,Mar,2012/3/16,123.31,32363
2012,Q1,Mar,2012/3/17,125.59,34298
2012,Q1,Mar,2012/3/18,122.71,33749
2012,Q1,Mar,2012/3/19,119.51,33415
2012,Q1,Mar,2012/3/20,123.39,31487
2012,Q1,Mar,2012/3/21,125.74,32873
2012,Q1,Mar,2012/3/22,122.88,31260
2012,Q1,Mar,2012/3/23,125.82,31182
2012,Q1,Mar,2012/3/24,131.33,34838
2012,Q1,Mar,2012/3/25,123.7,33416
2012,Q1,Mar,2012/3/26,120.1,34368
2012,Q1,Mar,2012/3/27,122.75,32051
2012,Q1,Mar,2012/3/28,125.84,31371
2012,Q1,Mar,2012/3/29,123.44,30875
2012,Q1,Mar,2012/3/30,123.86,30618
2012,Q1,Mar,2012/3/31,124.92,31374
2012,Q2,Apr,2012/4/1,129.31,34974
2012,Q2,Apr,2012/4/2,146.33,45445
2012,Q2,Apr,2012/4/3,131.84,42164
2012,Q2,Apr,2012/4/4,126.49,40900
2012,Q2,Apr,2012/4/5,120.55,35866
2012,Q2,Apr,2012/4/6,120.13,32211
2012,Q2,Apr,2012/4/7,121.13,32458
2012,Q2,Apr,2012/4/8,120.68,31542
2012,Q2,Apr,2012/4/9,120.99,34217
2012,Q2,Apr,2012/4/10,119.94,32167
2012,Q2,Apr,2012/4/11,122.55,32370
2012,Q2,Apr,2012/4/12,121.49,29919
2012,Q2,Apr,2012/4/13,125.69,30014
2012,Q2,Apr,2012/4/14,121.55,31832
2012,Q2,Apr,2012/4/15,125.83,32641
2012,Q2,Apr,2012/4/16,120.97,33143
2012,Q2,Apr,2012/4/17,124.76,31786
2012,Q2,Apr,2012/4/18,122.54,30670
2012,Q2,Apr,2012/4/19,125.78,32351
2012,Q2,Apr,2012/4/20,118.05,31063
2012,Q2,Apr,2012/4/21,134.7,33673
2012,Q2,Apr,2012/4/22,119,33077
2012,Q2,Apr,2012/4/23,122,33004
2012,Q2,Apr,2012/4/24,117.75,31173
2012,Q2,Apr,2012/4/25,119.97,31797
2012,Q2,Apr,2012/4/26,123.16,32228
2012,Q2,Apr,2012/4/27,127.28,33132
2012,Q2,Apr,2012/4/28,135.42,36293
2012,Q2,Apr,2012/4/29,151.36,45538
2012,Q2,Apr,2012/4/30,139.69,41269
2012,Q2,May,2012/5/1,122.99,42817
2012,Q2,May,2012/5/2,117.16,36649
2012,Q2,May,2012/5/3,111.22,31844
2012,Q2,May,2012/5/4,115.71,32601
2012,Q2,May,2012/5/5,123.21,33655
2012,Q2,May,2012/5/6,117.37,32528
2012,Q2,May,2012/5/7,109.83,32593
2012,Q2,May,2012/5/8,114.08,31669
2012,Q2,May,2012/5/9,114.97,31735
2012,Q2,May,2012/5/10,118.4,31945
2012,Q2,May,2012/5/11,122.72,33743
2012,Q2,May,2012/5/12,119.19,33136
2012,Q2,May,2012/5/13,114.7,30624
2012,Q2,May,2012/5/14,111.96,31121
2012,Q2,May,2012/5/15,114.31,30891
2012,Q2,May,2012/5/16,119.46,33318
2012,Q2,May,2012/5/17,119.53,32011
2012,Q2,May,2012/5/18,123.49,33377
2012,Q2,May,2012/5/19,129.18,35027
2012,Q2,May,2012/5/20,118.49,31805
2012,Q2,May,2012/5/21,109.69,29895
2012,Q2,May,2012/5/22,101.78,26589
2012,Q2,May,2012/5/23,108.96,27784
2012,Q2,May,2012/5/24,111.2,28187
2012,Q2,May,2012/5/25,105.86,28566
2012,Q2,May,2012/5/26,117.11,30754
2012,Q2,May,2012/5/27,114.69,29837
2012,Q2,May,2012/5/28,111.63,30784
2012,Q2,May,2012/5/29,112.96,28440
2012,Q2,May,2012/5/30,105.97,29163
2012,Q2,May,2012/5/31,116,31508
2012,Q2,Jun,2012/6/1,113.05,30049
2012,Q2,Jun,2012/6/2,115.74,33344
2012,Q2,Jun,2012/6/3,110.03,28673
2012,Q2,Jun,2012/6/4,99.44,26614
2012,Q2,Jun,2012/6/5,105.19,28708
2012,Q2,Jun,2012/6/6,104.49,28286
2012,Q2,Jun,2012/6/7,108.89,28700
2012,Q2,Jun,2012/6/8,109.97,30096
2012,Q2,Jun,2012/6/9,115.49,32491
2012,Q2,Jun,2012/6/10,112.79,30553
2012,Q2,Jun,2012/6/11,105.49,30530
2012,Q2,Jun,2012/6/12,107.74,29176
2012,Q2,Jun,2012/6/13,111.41,29606
2012,Q2,Jun,2012/6/14,113.86,30261
2012,Q2,Jun,2012/6/15,114.27,31629
2012,Q2,Jun,2012/6/16,119.61,33173
2012,Q2,Jun,2012/6/17,112.3,30148
2012,Q2,Jun,2012/6/18,110.33,31490
2012,Q2,Jun,2012/6/19,112.13,30750
2012,Q2,Jun,2012/6/20,115.31,31510
2012,Q2,Jun,2012/6/21,119.56,33020
2012,Q2,Jun,2012/6/22,132.46,40212
2012,Q2,Jun,2012/6/23,116.13,38170
2012,Q2,Jun,2012/6/24,107.11,37503
2012,Q2,Jun,2012/6/25,110.5,33148
2012,Q2,Jun,2012/6/26,97.91,29017
2012,Q2,Jun,2012/6/27,112.49,31545
2012,Q2,Jun,2012/6/28,116.18,32906
2012,Q2,Jun,2012/6/29,121.9,32873
2012,Q2,Jun,2012/6/30,171.54,45344
2012,Q3,Jul,2012/7/1,75.32,26955
2012,Q3,Jul,2012/7/2,121.19,34937
2012,Q3,Jul,2012/7/3,121.95,33275
2012,Q3,Jul,2012/7/4,125.57,35290
2012,Q3,Jul,2012/7/5,124.18,33005
2012,Q3,Jul,2012/7/6,130.45,34783
2012,Q3,Jul,2012/7/7,137.73,39080
2012,Q3,Jul,2012/7/8,128.42,37085
2012,Q3,Jul,2012/7/9,123.71,36266
2012,Q3,Jul,2012/7/10,126.15,35589
2012,Q3,Jul,2012/7/11,122.87,34641
2012,Q3,Jul,2012/7/12,119.36,33622
2012,Q3,Jul,2012/7/13,122.1,34390
2012,Q3,Jul,2012/7/14,138.7,40394
2012,Q3,Jul,2012/7/15,126.38,37812
2012,Q3,Jul,2012/7/16,121.38,36118
2012,Q3,Jul,2012/7/17,117,34012
2012,Q3,Jul,2012/7/18,119.77,33608
2012,Q3,Jul,2012/7/19,123.72,34475
2012,Q3,Jul,2012/7/20,125.98,35192
2012,Q3,Jul,2012/7/21,137.55,41463
2012,Q3,Jul,2012/7/22,125.85,38263
2012,Q3,Jul,2012/7/23,121.79,36070
2012,Q3,Jul,2012/7/24,113.56,33827
2012,Q3,Jul,2012/7/25,112.25,33448
2012,Q3,Jul,2012/7/26,120.77,31963
2012,Q3,Jul,2012/7/27,133.88,40114
2012,Q3,Jul,2012/7/28,141.72,44192
2012,Q3,Jul,2012/7/29,130.19,40856
2012,Q3,Jul,2012/7/30,127.68,38418
2012,Q3,Jul,2012/7/31,117.52,34603
2012,Q3,Aug,2012/8/1,117.66,33932
2012,Q3,Aug,2012/8/2,118.34,34419
2012,Q3,Aug,2012/8/3,131.5,38316
2012,Q3,Aug,2012/8/4,150.83,45973
2012,Q3,Aug,2012/8/5,138.5,43359
2012,Q3,Aug,2012/8/6,127.57,39528
2012,Q3,Aug,2012/8/7,125.09,35278
2012,Q3,Aug,2012/8/8,128.4,35506
2012,Q3,Aug,2012/8/9,129.67,37013
2012,Q3,Aug,2012/8/10,134.88,38417
2012,Q3,Aug,2012/8/11,159.59,49266
2012,Q3,Aug,2012/8/12,144.56,44939
2012,Q3,Aug,2012/8/13,140.83,40860
2012,Q3,Aug,2012/8/14,120.92,35507
2012,Q3,Aug,2012/8/15,133.88,37097
2012,Q3,Aug,2012/8/16,130.94,36612
2012,Q3,Aug,2012/8/17,143.52,41020
2012,Q3,Aug,2012/8/18,157.32,49550
2012,Q3,Aug,2012/8/19,150.4,46616
2012,Q3,Aug,2012/8/20,150.38,43914
2012,Q3,Aug,2012/8/21,128.78,36610
2012,Q3,Aug,2012/8/22,133.38,36968
2012,Q3,Aug,2012/8/23,138.83,37875
2012,Q3,Aug,2012/8/24,142.41,39997
2012,Q3,Aug,2012/8/25,160.34,46688
2012,Q3,Aug,2012/8/26,142.79,42699
2012,Q3,Aug,2012/8/27,141.02,39814
2012,Q3,Aug,2012/8/28,127.77,36078
2012,Q3,Aug,2012/8/29,124.56,36154
2012,Q3,Aug,2012/8/30,129.71,34820
2012,Q3,Aug,2012/8/31,126.15,35047
2012,Q3,Sep,2012/9/1,128.69,38202
2012,Q3,Sep,2012/9/2,114.06,33390
2012,Q3,Sep,2012/9/3,116.38,35097
2012,Q3,Sep,2012/9/4,119.73,33349
2012,Q3,Sep,2012/9/5,117.94,32807
2012,Q3,Sep,2012/9/6,123.07,33835
2012,Q3,Sep,2012/9/7,123.07,34404
2012,Q3,Sep,2012/9/8,133.41,38348
2012,Q3,Sep,2012/9/9,124.41,35154
2012,Q3,Sep,2012/9/10,118.97,35119
2012,Q3,Sep,2012/9/11,115.86,31641
2012,Q3,Sep,2012/9/12,112.75,29944
2012,Q3,Sep,2012/9/13,116.36,32436
2012,Q3,Sep,2012/9/14,125.98,33945
2012,Q3,Sep,2012/9/15,130.7,35358
2012,Q3,Sep,2012/9/16,123.44,33172
2012,Q3,Sep,2012/9/17,111.54,32686
2012,Q3,Sep,2012/9/18,116.19,31265
2012,Q3,Sep,2012/9/19,117.74,32100
2012,Q3,Sep,2012/9/20,122.16,32124
2012,Q3,Sep,2012/9/21,120.5,31722
2012,Q3,Sep,2012/9/22,124.07,33633
2012,Q3,Sep,2012/9/23,112.87,31129
2012,Q3,Sep,2012/9/24,120.61,32943
2012,Q3,Sep,2012/9/25,119.06,33113
2012,Q3,Sep,2012/9/26,121.32,31855
2012,Q3,Sep,2012/9/27,121.8,33219
2012,Q3,Sep,2012/9/28,133.87,36128
2012,Q3,Sep,2012/9/29,137.24,42189
2012,Q3,Sep,2012/9/30,118.45,81553
2012,Q4,Oct,2012/10/1,57.35,71380
2012,Q4,Oct,2012/10/2,49.63,54899
2012,Q4,Oct,2012/10/3,49.3,48997
2012,Q4,Oct,2012/10/4,56.31,43997
2012,Q4,Oct,2012/10/5,59.59,26148
2012,Q4,Oct,2012/10/6,65.54,30881
2012,Q4,Oct,2012/10/7,70.61,27485
2012,Q4,Oct,2012/10/8,91.4,29185
2012,Q4,Oct,2012/10/9,114.15,30711
2012,Q4,Oct,2012/10/10,119.84,31762
2012,Q4,Oct,2012/10/11,113.48,30318
2012,Q4,Oct,2012/10/12,117.79,32045
2012,Q4,Oct,2012/10/13,119.08,33530
2012,Q4,Oct,2012/10/14,118.52,32081
2012,Q4,Oct,2012/10/15,116.6,32722
2012,Q4,Oct,2012/10/16,118.87,32269
2012,Q4,Oct,2012/10/17,118.41,29956
2012,Q4,Oct,2012/10/18,126.42,35848
2012,Q4,Oct,2012/10/19,128.77,34843
2012,Q4,Oct,2012/10/20,133.7,38064
2012,Q4,Oct,2012/10/21,125.24,34459
2012,Q4,Oct,2012/10/22,121.59,34321
2012,Q4,Oct,2012/10/23,123.01,32960
2012,Q4,Oct,2012/10/24,120.58,32839
2012,Q4,Oct,2012/10/25,122.75,32976
2012,Q4,Oct,2012/10/26,130.03,34689
2012,Q4,Oct,2012/10/27,135.19,36961
2012,Q4,Oct,2012/10/28,125.08,34284
2012,Q4,Oct,2012/10/29,118.71,34136
2012,Q4,Oct,2012/10/30,123.46,31896
2012,Q4,Oct,2012/10/31,118.7,31460
2012,Q4,Nov,2012/11/1,125.28,33012
2012,Q4,Nov,2012/11/2,128.41,35497
2012,Q4,Nov,2012/11/3,139.67,37649
2012,Q4,Nov,2012/11/4,125.11,36101
2012,Q4,Nov,2012/11/5,118.31,34373
2012,Q4,Nov,2012/11/6,114.93,31668
2012,Q4,Nov,2012/11/7,119.14,30594
2012,Q4,Nov,2012/11/8,118.54,30888
2012,Q4,Nov,2012/11/9,125.03,33620
2012,Q4,Nov,2012/11/10,124.8,35250
2012,Q4,Nov,2012/11/11,120.38,34708
2012,Q4,Nov,2012/11/12,117.27,34791
2012,Q4,Nov,2012/11/13,117.13,32069
2012,Q4,Nov,2012/11/14,118.24,32364
2012,Q4,Nov,2012/11/15,123.53,32621
2012,Q4,Nov,2012/11/16,125.32,33518
2012,Q4,Nov,2012/11/17,128.01,37302
2012,Q4,Nov,2012/11/18,116.45,35757
2012,Q4,Nov,2012/11/19,125.83,36825
2012,Q4,Nov,2012/11/20,115.63,32609
2012,Q4,Nov,2012/11/21,121.85,32948
2012,Q4,Nov,2012/11/22,121.72,33182
2012,Q4,Nov,2012/11/23,128.7,33984
2012,Q4,Nov,2012/11/24,126.98,35028
2012,Q4,Nov,2012/11/25,123.64,35050
2012,Q4,Nov,2012/11/26,117.22,36161
2012,Q4,Nov,2012/11/27,120.51,33527
2012,Q4,Nov,2012/11/28,122.7,34077
2012,Q4,Nov,2012/11/29,122.37,34422
2012,Q4,Nov,2012/11/30,125.22,34792
2012,Q4,Dec,2012/12/1,131.22,36779
2012,Q4,Dec,2012/12/2,120.71,35447
2012,Q4,Dec,2012/12/3,117.5,35476
2012,Q4,Dec,2012/12/4,119.28,33037
2012,Q4,Dec,2012/12/5,127.15,34435
2012,Q4,Dec,2012/12/6,125.52,32794
2012,Q4,Dec,2012/12/7,129.61,35628
2012,Q4,Dec,2012/12/8,133.39,38255
2012,Q4,Dec,2012/12/9,128.64,36241
2012,Q4,Dec,2012/12/10,117.77,34334
2012,Q4,Dec,2012/12/11,117.89,32777
2012,Q4,Dec,2012/12/12,122.35,33448
2012,Q4,Dec,2012/12/13,129.09,33312
2012,Q4,Dec,2012/12/14,123.44,35916
2012,Q4,Dec,2012/12/15,138.19,39344
2012,Q4,Dec,2012/12/16,124.57,36602
2012,Q4,Dec,2012/12/17,125.94,35973
2012,Q4,Dec,2012/12/18,124.49,32519
2012,Q4,Dec,2012/12/19,125.04,33015
2012,Q4,Dec,2012/12/20,124.34,34065
2012,Q4,Dec,2012/12/21,124.51,34716
2012,Q4,Dec,2012/12/22,127.36,38028
2012,Q4,Dec,2012/12/23,119.84,37433
2012,Q4,Dec,2012/12/24,113.88,34958
2012,Q4,Dec,2012/12/25,126.49,35628
2012,Q4,Dec,2012/12/26,120.01,33367
2012,Q4,Dec,2012/12/27,121.99,34567
2012,Q4,Dec,2012/12/28,128.86,36227
2012,Q4,Dec,2012/12/29,135.6,39559
2012,Q4,Dec,2012/12/30,130.44,41026
2012,Q4,Dec,2012/12/31,123.39,40091
2013,Q1,Jan,2013/1/1,122.19,44475
2013,Q1,Jan,2013/1/2,118.12,42322
2013,Q1,Jan,2013/1/3,122.34,41390
2013,Q1,Jan,2013/1/4,99.48,34864
2013,Q1,Jan,2013/1/5,104.3,31777
2013,Q1,Jan,2013/1/6,117.71,33956
2013,Q1,Jan,2013/1/7,114.09,33035
2013,Q1,Jan,2013/1/8,118.69,33186
2013,Q1,Jan,2013/1/9,122.05,34948
2013,Q1,Jan,2013/1/10,126.13,35172
2013,Q1,Jan,2013/1/11,128.61,35990
2013,Q1,Jan,2013/1/12,135.45,40016
2013,Q1,Jan,2013/1/13,127.15,37723
2013,Q1,Jan,2013/1/14,128.17,35991
2013,Q1,Jan,2013/1/15,123.5,33749
2013,Q1,Jan,2013/1/16,127.74,34247
2013,Q1,Jan,2013/1/17,126.19,34222
2013,Q1,Jan,2013/1/18,139.7,37426
2013,Q1,Jan,2013/1/19,140.44,40151
2013,Q1,Jan,2013/1/20,137.51,38014
2013,Q1,Jan,2013/1/21,134.34,37392
2013,Q1,Jan,2013/1/22,139.43,35875
2013,Q1,Jan,2013/1/23,140.96,38032
2013,Q1,Jan,2013/1/24,145.63,39479
2013,Q1,Jan,2013/1/25,148.71,41607
2013,Q1,Jan,2013/1/26,165.91,45964
2013,Q1,Jan,2013/1/27,157.71,48101
2013,Q1,Jan,2013/1/28,154.87,45234
2013,Q1,Jan,2013/1/29,146.02,41442
2013,Q1,Jan,2013/1/30,156.22,44346
2013,Q1,Jan,2013/1/31,152.33,46872
2013,Q1,Feb,2013/2/1,181.22,46844
2013,Q1,Feb,2013/2/2,172.43,50021
2013,Q1,Feb,2013/2/3,181.31,53166
2013,Q1,Feb,2013/2/4,177.19,54313
2013,Q1,Feb,2013/2/5,191.69,55823
2013,Q1,Feb,2013/2/6,181.11,60434
2013,Q1,Feb,2013/2/7,187.79,62206
2013,Q1,Feb,2013/2/8,158.78,60340
2013,Q1,Feb,2013/2/9,54.89,40548
2013,Q1,Feb,2013/2/10,13.18,37848
2013,Q1,Feb,2013/2/11,18.56,49085
2013,Q1,Feb,2013/2/12,24.92,49403
2013,Q1,Feb,2013/2/13,31.41,50045
2013,Q1,Feb,2013/2/14,37.47,56466
2013,Q1,Feb,2013/2/15,49.93,67292
2013,Q1,Feb,2013/2/16,101.03,51777
2013,Q1,Feb,2013/2/17,150.07,48848
2013,Q1,Feb,2013/2/18,174.45,55615
2013,Q1,Feb,2013/2/19,192.55,54593
2013,Q1,Feb,2013/2/20,162.02,45390
2013,Q1,Feb,2013/2/21,170.9,50592
2013,Q1,Feb,2013/2/22,178.06,49225
2013,Q1,Feb,2013/2/23,155.17,43667
2013,Q1,Feb,2013/2/24,126.26,38410
2013,Q1,Feb,2013/2/25,162.35,45196
2013,Q1,Feb,2013/2/26,140.88,38246
2013,Q1,Feb,2013/2/27,174.01,45190
2013,Q1,Feb,2013/2/28,162.16,41051
2013,Q1,Mar,2013/3/1,145.34,37887
2013,Q1,Mar,2013/3/2,147.51,38624
2013,Q1,Mar,2013/3/3,141.99,36234
2013,Q1,Mar,2013/3/4,134.13,37293
2013,Q1,Mar,2013/3/5,133.34,36373
2013,Q1,Mar,2013/3/6,144.2,38105
2013,Q1,Mar,2013/3/7,143.1,37298
2013,Q1,Mar,2013/3/8,143.76,38156
2013,Q1,Mar,2013/3/9,152.43,42073
2013,Q1,Mar,2013/3/10,141.2,39296
2013,Q1,Mar,2013/3/11,138.65,38742
2013,Q1,Mar,2013/3/12,136.21,35214
2013,Q1,Mar,2013/3/13,135.15,35198
2013,Q1,Mar,2013/3/14,136.34,35782
2013,Q1,Mar,2013/3/15,139.26,36605
2013,Q1,Mar,2013/3/16,139.53,39320
2013,Q1,Mar,2013/3/17,135.08,37867
2013,Q1,Mar,2013/3/18,124.74,36401
2013,Q1,Mar,2013/3/19,134.77,35709
2013,Q1,Mar,2013/3/20,129.94,35340
2013,Q1,Mar,2013/3/21,134.62,36874
2013,Q1,Mar,2013/3/22,137.89,37242
2013,Q1,Mar,2013/3/23,145.32,38818
2013,Q1,Mar,2013/3/24,130.78,38650
2013,Q1,Mar,2013/3/25,130.82,37455
2013,Q1,Mar,2013/3/26,127.25,34555
2013,Q1,Mar,2013/3/27,129.71,35203
2013,Q1,Mar,2013/3/28,138.46,34711
2013,Q1,Mar,2013/3/29,134.87,37018
2013,Q1,Mar,2013/3/30,142.97,39242
2013,Q1,Mar,2013/3/31,134.68,37743
2013,Q2,Apr,2013/4/1,128.47,37045
2013,Q2,Apr,2013/4/2,130.91,35993
2013,Q2,Apr,2013/4/3,138.08,38953
2013,Q2,Apr,2013/4/4,115.82,48142
2013,Q2,Apr,2013/4/5,76.79,37183
2013,Q2,Apr,2013/4/6,74.46,40552
2013,Q2,Apr,2013/4/7,101.77,37567
2013,Q2,Apr,2013/4/8,125.52,35264
2013,Q2,Apr,2013/4/9,126.42,34145
2013,Q2,Apr,2013/4/10,123.35,33090
2013,Q2,Apr,2013/4/11,127.79,33416
2013,Q2,Apr,2013/4/12,132.96,35138
2013,Q2,Apr,2013/4/13,132.53,37271
2013,Q2,Apr,2013/4/14,125.93,36225
2013,Q2,Apr,2013/4/15,124.64,37149
2013,Q2,Apr,2013/4/16,127.33,34852
2013,Q2,Apr,2013/4/17,130.23,35047
2013,Q2,Apr,2013/4/18,132.91,35343
2013,Q2,Apr,2013/4/19,131.59,36417
2013,Q2,Apr,2013/4/20,138.43,39442
2013,Q2,Apr,2013/4/21,129.52,38112
2013,Q2,Apr,2013/4/22,124.57,36995
2013,Q2,Apr,2013/4/23,125.2,34214
2013,Q2,Apr,2013/4/24,130.5,35587
2013,Q2,Apr,2013/4/25,127.55,33844
2013,Q2,Apr,2013/4/26,129.01,34590
2013,Q2,Apr,2013/4/27,130.7,35481
2013,Q2,Apr,2013/4/28,147.69,39658
2013,Q2,Apr,2013/4/29,115.78,43994
2013,Q2,Apr,2013/4/30,79.13,43134
2013,Q2,May,2013/5/1,67.69,47439
2013,Q2,May,2013/5/2,94.66,41031
2013,Q2,May,2013/5/3,118.87,36389
2013,Q2,May,2013/5/4,131.93,37710
2013,Q2,May,2013/5/5,123.06,35876
2013,Q2,May,2013/5/6,119.75,36611
2013,Q2,May,2013/5/7,117.86,33552
2013,Q2,May,2013/5/8,122.9,33911
2013,Q2,May,2013/5/9,119.93,33398
2013,Q2,May,2013/5/10,126.78,34385
2013,Q2,May,2013/5/11,133.88,40317
2013,Q2,May,2013/5/12,125.13,37046
2013,Q2,May,2013/5/13,123.2,37638
2013,Q2,May,2013/5/14,122.12,34133
2013,Q2,May,2013/5/15,122.98,33740
2013,Q2,May,2013/5/16,122.28,34488
2013,Q2,May,2013/5/17,121.2,35502
2013,Q2,May,2013/5/18,129.08,37873
2013,Q2,May,2013/5/19,120.73,38232
2013,Q2,May,2013/5/20,122.52,37678
2013,Q2,May,2013/5/21,122.91,34428
2013,Q2,May,2013/5/22,131.12,38115
2013,Q2,May,2013/5/23,128.68,36606
2013,Q2,May,2013/5/24,127.44,35917
2013,Q2,May,2013/5/25,129.91,36950
2013,Q2,May,2013/5/26,116.42,34582
2013,Q2,May,2013/5/27,134.61,37634
2013,Q2,May,2013/5/28,122.96,35489
2013,Q2,May,2013/5/29,119.58,34782
2013,Q2,May,2013/5/30,120.27,34517
2013,Q2,May,2013/5/31,125.22,38617
2013,Q2,Jun,2013/6/1,129.27,40896
2013,Q2,Jun,2013/6/2,117.28,37464
2013,Q2,Jun,2013/6/3,121.51,37971
2013,Q2,Jun,2013/6/4,124.92,35438
2013,Q2,Jun,2013/6/5,127.98,36332
2013,Q2,Jun,2013/6/6,121.01,34359
2013,Q2,Jun,2013/6/7,127.94,35081
2013,Q2,Jun,2013/6/8,128.7,36345
2013,Q2,Jun,2013/6/9,126.1,36411
2013,Q2,Jun,2013/6/10,146.18,46480
2013,Q2,Jun,2013/6/11,141.52,45821
2013,Q2,Jun,2013/6/12,130.52,45554
2013,Q2,Jun,2013/6/13,123.53,43448
2013,Q2,Jun,2013/6/14,124.95,37085
2013,Q2,Jun,2013/6/15,137.56,39416
2013,Q2,Jun,2013/6/16,130.96,39270
2013,Q2,Jun,2013/6/17,126.33,39076
2013,Q2,Jun,2013/6/18,127.52,37491
2013,Q2,Jun,2013/6/19,130.91,38897
2013,Q2,Jun,2013/6/20,130.92,38796
2013,Q2,Jun,2013/6/21,134.65,39917
2013,Q2,Jun,2013/6/22,141.47,43559
2013,Q2,Jun,2013/6/23,140.02,42254
2013,Q2,Jun,2013/6/24,130.79,40358
2013,Q2,Jun,2013/6/25,126.16,36974
2013,Q2,Jun,2013/6/26,127.72,38021
2013,Q2,Jun,2013/6/27,130.61,37273
2013,Q2,Jun,2013/6/28,142.78,41615
2013,Q2,Jun,2013/6/29,157.84,49381
2013,Q2,Jun,2013/6/30,139.29,45601
2013,Q3,Jul,2013/7/1,135.85,40515
2013,Q3,Jul,2013/7/2,127.01,37615
2013,Q3,Jul,2013/7/3,133.25,39263
2013,Q3,Jul,2013/7/4,139.54,40298
2013,Q3,Jul,2013/7/5,149.01,42986
2013,Q3,Jul,2013/7/6,161.04,48450
2013,Q3,Jul,2013/7/7,157.18,46964
2013,Q3,Jul,2013/7/8,151.5,45469
2013,Q3,Jul,2013/7/9,148.48,42844
2013,Q3,Jul,2013/7/10,141.09,41311
2013,Q3,Jul,2013/7/11,150.67,42360
2013,Q3,Jul,2013/7/12,154.26,44740
2013,Q3,Jul,2013/7/13,175.39,53653
2013,Q3,Jul,2013/7/14,164.06,49935
2013,Q3,Jul,2013/7/15,159.23,47473
2013,Q3,Jul,2013/7/16,144.43,43574
2013,Q3,Jul,2013/7/17,145.92,42211
2013,Q3,Jul,2013/7/18,149.49,43155
2013,Q3,Jul,2013/7/19,148.17,44113
2013,Q3,Jul,2013/7/20,170.3,52406
2013,Q3,Jul,2013/7/21,155.68,48328
2013,Q3,Jul,2013/7/22,156.2,47396
2013,Q3,Jul,2013/7/23,140.46,41272
2013,Q3,Jul,2013/7/24,146.3,41814
2013,Q3,Jul,2013/7/25,146.53,42469
2013,Q3,Jul,2013/7/26,156.11,46334
2013,Q3,Jul,2013/7/27,187.06,58844
2013,Q3,Jul,2013/7/28,168.46,52339
2013,Q3,Jul,2013/7/29,163.87,48278
2013,Q3,Jul,2013/7/30,142.16,42143
2013,Q3,Jul,2013/7/31,145.44,42684
2013,Q3,Aug,2013/8/1,141.83,43164
2013,Q3,Aug,2013/8/2,168.24,47193
2013,Q3,Aug,2013/8/3,183.15,55772
2013,Q3,Aug,2013/8/4,167.1,52429
2013,Q3,Aug,2013/8/5,162.75,49753
2013,Q3,Aug,2013/8/6,152.44,44032
2013,Q3,Aug,2013/8/7,147.82,43248
2013,Q3,Aug,2013/8/8,150.5,43976
2013,Q3,Aug,2013/8/9,162.07,47439
2013,Q3,Aug,2013/8/10,195.08,57093
2013,Q3,Aug,2013/8/11,170.47,53332
2013,Q3,Aug,2013/8/12,164.98,48743
2013,Q3,Aug,2013/8/13,149.3,43916
2013,Q3,Aug,2013/8/14,155.4,47127
2013,Q3,Aug,2013/8/15,151.62,44760
2013,Q3,Aug,2013/8/16,155.03,45816
2013,Q3,Aug,2013/8/17,176.24,54779
2013,Q3,Aug,2013/8/18,173.07,53170
2013,Q3,Aug,2013/8/19,163.02,47537
2013,Q3,Aug,2013/8/20,149.67,42180
2013,Q3,Aug,2013/8/21,146.78,41963
2013,Q3,Aug,2013/8/22,156.27,43789
2013,Q3,Aug,2013/8/23,163.51,46458
2013,Q3,Aug,2013/8/24,172.68,52966
2013,Q3,Aug,2013/8/25,167.97,48209
2013,Q3,Aug,2013/8/26,162.44,48136
2013,Q3,Aug,2013/8/27,149.23,42268
2013,Q3,Aug,2013/8/28,155.69,44016
2013,Q3,Aug,2013/8/29,151.66,42861
2013,Q3,Aug,2013/8/30,150.89,44002
2013,Q3,Aug,2013/8/31,159.27,47325
2013,Q3,Sep,2013/9/1,142.18,41568
2013,Q3,Sep,2013/9/2,133.73,38246
2013,Q3,Sep,2013/9/3,133.95,35783
2013,Q3,Sep,2013/9/4,131.12,35684
2013,Q3,Sep,2013/9/5,130.04,33878
2013,Q3,Sep,2013/9/6,129.16,37104
2013,Q3,Sep,2013/9/7,149.26,41519
2013,Q3,Sep,2013/9/8,139.49,40062
2013,Q3,Sep,2013/9/9,136.7,40013
2013,Q3,Sep,2013/9/10,132.43,36665
2013,Q3,Sep,2013/9/11,138.4,36579
2013,Q3,Sep,2013/9/12,131.68,35472
2013,Q3,Sep,2013/9/13,137.93,39562
2013,Q3,Sep,2013/9/14,142.06,42240
2013,Q3,Sep,2013/9/15,141.95,40997
2013,Q3,Sep,2013/9/16,139.27,41221
2013,Q3,Sep,2013/9/17,142.67,39468
2013,Q3,Sep,2013/9/18,151.44,43629
2013,Q3,Sep,2013/9/19,162.75,51605
2013,Q3,Sep,2013/9/20,127.28,44756
2013,Q3,Sep,2013/9/21,140.44,45418
2013,Q3,Sep,2013/9/22,142.3,41391
2013,Q3,Sep,2013/9/23,143.03,40253
2013,Q3,Sep,2013/9/24,139.56,38035
2013,Q3,Sep,2013/9/25,138.43,38533
2013,Q3,Sep,2013/9/26,136.55,37479
2013,Q3,Sep,2013/9/27,191.09,44685
2013,Q3,Sep,2013/9/28,102.62,32834
2013,Q3,Sep,2013/9/29,154.92,42307
2013,Q3,Sep,2013/9/30,222.19,67697
2013,Q4,Oct,2013/10/1,80.56,59151
2013,Q4,Oct,2013/10/2,76.06,50953
2013,Q4,Oct,2013/10/3,71.57,43429
2013,Q4,Oct,2013/10/4,73.19,42430
2013,Q4,Oct,2013/10/5,81.04,47212
2013,Q4,Oct,2013/10/6,84.71,48018
2013,Q4,Oct,2013/10/7,90.3,41891
2013,Q4,Oct,2013/10/8,111.6,35648
2013,Q4,Oct,2013/10/9,141.99,38347
2013,Q4,Oct,2013/10/10,145.57,38841
2013,Q4,Oct,2013/10/11,145.32,39273
2013,Q4,Oct,2013/10/12,145.6,39904
2013,Q4,Oct,2013/10/13,149.46,41457
2013,Q4,Oct,2013/10/14,138.48,39900
2013,Q4,Oct,2013/10/15,138.26,36870
2013,Q4,Oct,2013/10/16,135.57,36540
2013,Q4,Oct,2013/10/17,141.32,36233
2013,Q4,Oct,2013/10/18,139.43,37569
2013,Q4,Oct,2013/10/19,152.54,42517
2013,Q4,Oct,2013/10/20,141.44,39612
2013,Q4,Oct,2013/10/21,144.91,40795
2013,Q4,Oct,2013/10/22,134.08,36539
2013,Q4,Oct,2013/10/23,139.19,37197
2013,Q4,Oct,2013/10/24,138.41,37960
2013,Q4,Oct,2013/10/25,151.81,40053
2013,Q4,Oct,2013/10/26,156.79,43567
2013,Q4,Oct,2013/10/27,140.45,39930
2013,Q4,Oct,2013/10/28,134.57,40545
2013,Q4,Oct,2013/10/29,142.15,38203
2013,Q4,Oct,2013/10/30,135.35,37135
2013,Q4,Oct,2013/10/31,140.03,38603
2013,Q4,Nov,2013/11/1,136.22,37297
2013,Q4,Nov,2013/11/2,147.86,39678
2013,Q4,Nov,2013/11/3,135.47,37476
2013,Q4,Nov,2013/11/4,129.55,37907
2013,Q4,Nov,2013/11/5,136.29,36570
2013,Q4,Nov,2013/11/6,136.44,37307
2013,Q4,Nov,2013/11/7,140.66,38164
2013,Q4,Nov,2013/11/8,143.15,40618
2013,Q4,Nov,2013/11/9,158.07,43372
2013,Q4,Nov,2013/11/10,144.81,41988
2013,Q4,Nov,2013/11/11,134.31,39848
2013,Q4,Nov,2013/11/12,136.45,37756
2013,Q4,Nov,2013/11/13,141.82,38291
2013,Q4,Nov,2013/11/14,192.07,43160
2013,Q4,Nov,2013/11/15,96.19,34129
2013,Q4,Nov,2013/11/16,153.95,43127
2013,Q4,Nov,2013/11/17,135.82,39864
2013,Q4,Nov,2013/11/18,144.97,41248
2013,Q4,Nov,2013/11/19,137.05,37206
2013,Q4,Nov,2013/11/20,146.16,40371
2013,Q4,Nov,2013/11/21,147.61,41148
2013,Q4,Nov,2013/11/22,149.94,39955
2013,Q4,Nov,2013/11/23,150.43,41441
2013,Q4,Nov,2013/11/24,141.11,39475
2013,Q4,Nov,2013/11/25,138.78,42319
2013,Q4,Nov,2013/11/26,143.17,39062
2013,Q4,Nov,2013/11/27,142,38443
2013,Q4,Nov,2013/11/28,142.74,38464
2013,Q4,Nov,2013/11/29,147.36,41139
2013,Q4,Nov,2013/11/30,159.05,45436
2013,Q4,Dec,2013/12/1,144.84,42793
2013,Q4,Dec,2013/12/2,134.77,41677
2013,Q4,Dec,2013/12/3,141.55,39125
2013,Q4,Dec,2013/12/4,145.02,38911
2013,Q4,Dec,2013/12/5,141.94,39057
2013,Q4,Dec,2013/12/6,144.9,40557
2013,Q4,Dec,2013/12/7,143.29,43924
2013,Q4,Dec,2013/12/8,157.26,41961
2013,Q4,Dec,2013/12/9,137.97,38488
2013,Q4,Dec,2013/12/10,148.55,39671
2013,Q4,Dec,2013/12/11,138.19,37473
2013,Q4,Dec,2013/12/12,200.18,45334
2013,Q4,Dec,2013/12/13,94.6,32761
2013,Q4,Dec,2013/12/14,151.46,43580
2013,Q4,Dec,2013/12/15,138.72,39685
2013,Q4,Dec,2013/12/16,138.71,38859
2013,Q4,Dec,2013/12/17,138.74,36412
2013,Q4,Dec,2013/12/18,138.65,37572
2013,Q4,Dec,2013/12/19,142.7,38570
2013,Q4,Dec,2013/12/20,151.35,42692
2013,Q4,Dec,2013/12/21,152.46,46807
2013,Q4,Dec,2013/12/22,190.12,51841
2013,Q4,Dec,2013/12/23,94.07,34818
2013,Q4,Dec,2013/12/24,148.35,39756
2013,Q4,Dec,2013/12/25,147.89,41201
2013,Q4,Dec,2013/12/26,146.72,40429
2013,Q4,Dec,2013/12/27,142.71,39111
2013,Q4,Dec,2013/12/28,157.26,45803
2013,Q4,Dec,2013/12/29,145.98,43399
2013,Q4,Dec,2013/12/30,139.18,42406
2013,Q4,Dec,2013/12/31,150.88,46651
2014,Q1,Jan,2014/1/1,143.51,43040
2014,Q1,Jan,2014/1/2,131.74,42845
2014,Q1,Jan,2014/1/3,138.62,40506
2014,Q1,Jan,2014/1/4,152.83,43646
2014,Q1,Jan,2014/1/5,154.16,42287
2014,Q1,Jan,2014/1/6,139.82,41380
2014,Q1,Jan,2014/1/7,144.84,40599
2014,Q1,Jan,2014/1/8,156.49,42461
2014,Q1,Jan,2014/1/9,148.94,41321
2014,Q1,Jan,2014/1/10,164.16,44777
2014,Q1,Jan,2014/1/11,152.4,46754
2014,Q1,Jan,2014/1/12,161.75,43157
2014,Q1,Jan,2014/1/13,157.37,43245
2014,Q1,Jan,2014/1/14,158.61,44030
2014,Q1,Jan,2014/1/15,168.21,45028
2014,Q1,Jan,2014/1/16,169.59,46859
2014,Q1,Jan,2014/1/17,183.06,47986
2014,Q1,Jan,2014/1/18,178.88,49117
2014,Q1,Jan,2014/1/19,187.49,54732
2014,Q1,Jan,2014/1/20,177.44,52062
2014,Q1,Jan,2014/1/21,186.76,54597
2014,Q1,Jan,2014/1/22,197.08,58168
2014,Q1,Jan,2014/1/23,195.78,58882
2014,Q1,Jan,2014/1/24,193.32,57923
2014,Q1,Jan,2014/1/25,206.82,65417
2014,Q1,Jan,2014/1/26,214.01,66767
2014,Q1,Jan,2014/1/27,193.95,63148
2014,Q1,Jan,2014/1/28,182.51,66857
2014,Q1,Jan,2014/1/29,163.16,63846
2014,Q1,Jan,2014/1/30,126.89,46037
2014,Q1,Jan,2014/1/31,36.23,46332
2014,Q1,Feb,2014/2/1,20.44,48379
2014,Q1,Feb,2014/2/2,28.64,48814
2014,Q1,Feb,2014/2/3,33.24,46915
2014,Q1,Feb,2014/2/4,39.45,53951
2014,Q1,Feb,2014/2/5,46.63,60131
2014,Q1,Feb,2014/2/6,57.72,58591
2014,Q1,Feb,2014/2/7,114.78,51920
2014,Q1,Feb,2014/2/8,181.75,57631
2014,Q1,Feb,2014/2/9,167.26,53448
2014,Q1,Feb,2014/2/10,188.92,55457
2014,Q1,Feb,2014/2/11,161.18,48415
2014,Q1,Feb,2014/2/12,163.69,46431
2014,Q1,Feb,2014/2/13,152.54,46831
2014,Q1,Feb,2014/2/14,147.63,44570
2014,Q1,Feb,2014/2/15,175.59,52279
2014,Q1,Feb,2014/2/16,165.51,46948
2014,Q1,Feb,2014/2/17,178.61,50658
2014,Q1,Feb,2014/2/18,171.34,44347
2014,Q1,Feb,2014/2/19,150.22,40860
2014,Q1,Feb,2014/2/20,167.01,44335
2014,Q1,Feb,2014/2/21,164.48,43902
2014,Q1,Feb,2014/2/22,171.33,44621
2014,Q1,Feb,2014/2/23,156.89,41652
2014,Q1,Feb,2014/2/24,151.66,41486
2014,Q1,Feb,2014/2/25,157.55,41798
2014,Q1,Feb,2014/2/26,160.87,41804
2014,Q1,Feb,2014/2/27,156.64,38944
2014,Q1,Feb,2014/2/28,153.13,40946
2014,Q1,Mar,2014/3/1,159.29,41482
2014,Q1,Mar,2014/3/2,144.45,37682
2014,Q1,Mar,2014/3/3,147.31,39678
2014,Q1,Mar,2014/3/4,141.97,37993
2014,Q1,Mar,2014/3/5,148.94,39024
2014,Q1,Mar,2014/3/6,157.12,40068
2014,Q1,Mar,2014/3/7,152,41057
2014,Q1,Mar,2014/3/8,159.19,44911
2014,Q1,Mar,2014/3/9,145.75,42774
2014,Q1,Mar,2014/3/10,151.68,43451
2014,Q1,Mar,2014/3/11,148.27,39955
2014,Q1,Mar,2014/3/12,149.6,41653
2014,Q1,Mar,2014/3/13,148.88,41479
2014,Q1,Mar,2014/3/14,153.88,40985
2014,Q1,Mar,2014/3/15,157.72,43820
2014,Q1,Mar,2014/3/16,154.21,43676
2014,Q1,Mar,2014/3/17,145.34,44349
2014,Q1,Mar,2014/3/18,151.43,41419
2014,Q1,Mar,2014/3/19,149.47,41238
2014,Q1,Mar,2014/3/20,143.23,38022
2014,Q1,Mar,2014/3/21,143.31,38662
2014,Q1,Mar,2014/3/22,154.63,43222
2014,Q1,Mar,2014/3/23,143.56,42066
2014,Q1,Mar,2014/3/24,139.59,41093
2014,Q1,Mar,2014/3/25,138.6,38809
2014,Q1,Mar,2014/3/26,154.53,41640
2014,Q1,Mar,2014/3/27,136.24,39184
2014,Q1,Mar,2014/3/28,148.88,37099
2014,Q1,Mar,2014/3/29,148.01,42043
2014,Q1,Mar,2014/3/30,148.97,40086
2014,Q1,Mar,2014/3/31,137.36,37165
2014,Q2,Apr,2014/4/1,129.93,32961
2014,Q2,Apr,2014/4/2,132.94,35410
2014,Q2,Apr,2014/4/3,147.03,39728
2014,Q2,Apr,2014/4/4,156.04,44564
2014,Q2,Apr,2014/4/5,126.6,50781
2014,Q2,Apr,2014/4/6,74.26,36605
2014,Q2,Apr,2014/4/7,86.86,44026
2014,Q2,Apr,2014/4/8,114.17,41339
2014,Q2,Apr,2014/4/9,137.47,38550
2014,Q2,Apr,2014/4/10,143.69,40826
2014,Q2,Apr,2014/4/11,144.92,41039
2014,Q2,Apr,2014/4/12,156.19,45079
2014,Q2,Apr,2014/4/13,142.22,42781
2014,Q2,Apr,2014/4/14,138.63,42368
2014,Q2,Apr,2014/4/15,145.94,40762
2014,Q2,Apr,2014/4/16,147.03,42444
2014,Q2,Apr,2014/4/17,149.56,41466
2014,Q2,Apr,2014/4/18,148.66,42413
2014,Q2,Apr,2014/4/19,154.92,46468
2014,Q2,Apr,2014/4/20,140.49,44687
2014,Q2,Apr,2014/4/21,147.4,43184
2014,Q2,Apr,2014/4/22,139.42,40143
2014,Q2,Apr,2014/4/23,147.56,40527
2014,Q2,Apr,2014/4/24,142.11,41061
2014,Q2,Apr,2014/4/25,150.35,41353
2014,Q2,Apr,2014/4/26,153.96,42802
2014,Q2,Apr,2014/4/27,148.57,41061
2014,Q2,Apr,2014/4/28,108.77,40501
2014,Q2,Apr,2014/4/29,70.29,49982
2014,Q2,Apr,2014/4/30,100.29,55262
2014,Q2,May,2014/5/1,110.57,62632
2014,Q2,May,2014/5/2,74.48,36829
2014,Q2,May,2014/5/3,74.89,36773
2014,Q2,May,2014/5/4,107.74,35394
2014,Q2,May,2014/5/5,134.12,38702
2014,Q2,May,2014/5/6,142.79,41005
2014,Q2,May,2014/5/7,144.51,41121
2014,Q2,May,2014/5/8,143.41,40905
2014,Q2,May,2014/5/9,146.21,39686
2014,Q2,May,2014/5/10,129.25,41808
2014,Q2,May,2014/5/11,140.02,40772
2014,Q2,May,2014/5/12,139.96,42437
2014,Q2,May,2014/5/13,142.29,40957
2014,Q2,May,2014/5/14,145.29,41503
2014,Q2,May,2014/5/15,144.92,40840
2014,Q2,May,2014/5/16,140.57,41104
2014,Q2,May,2014/5/17,153.84,44492
2014,Q2,May,2014/5/18,152.36,47531
2014,Q2,May,2014/5/19,142.47,45114
2014,Q2,May,2014/5/20,141.6,42064
2014,Q2,May,2014/5/21,142.57,39611
2014,Q2,May,2014/5/22,144.05,38110
2014,Q2,May,2014/5/23,148.75,40295
2014,Q2,May,2014/5/24,144.81,40938
2014,Q2,May,2014/5/25,141.31,38668
2014,Q2,May,2014/5/26,134.07,38747
2014,Q2,May,2014/5/27,137.41,38141
2014,Q2,May,2014/5/28,138.28,38968
2014,Q2,May,2014/5/29,143.5,39214
2014,Q2,May,2014/5/30,153.06,44654
2014,Q2,May,2014/5/31,181.35,52619
2014,Q3,Jun,2014/6/1,157.82,49963
2014,Q3,Jun,2014/6/2,139.69,48184
2014,Q3,Jun,2014/6/3,124.44,42719
2014,Q3,Jun,2014/6/4,125.43,39064
2014,Q3,Jun,2014/6/5,134.95,40140
2014,Q3,Jun,2014/6/6,144.98,40365
2014,Q3,Jun,2014/6/7,148.07,40481
2014,Q3,Jun,2014/6/8,143.64,40318
2014,Q3,Jun,2014/6/9,131.14,39432
2014,Q3,Jun,2014/6/10,134.42,36337
2014,Q3,Jun,2014/6/11,138.18,38423
2014,Q3,Jun,2014/6/12,144.62,39670
2014,Q3,Jun,2014/6/13,141.06,37870
2014,Q3,Jun,2014/6/14,141.97,38429
2014,Q3,Jun,2014/6/15,135.41,36897
2014,Q3,Jun,2014/6/16,137.19,39156
2014,Q3,Jun,2014/6/17,136.71,37613
2014,Q3,Jun,2014/6/18,144.57,41292
2014,Q3,Jun,2014/6/19,142.95,40326
2014,Q3,Jun,2014/6/20,138.41,37969
2014,Q3,Jun,2014/6/21,134.3,38010
2014,Q3,Jun,2014/6/22,135.93,38131
2014,Q3,Jun,2014/6/23,131.47,39495
2014,Q3,Jun,2014/6/24,135.08,40371
2014,Q3,Jun,2014/6/25,138.04,39769
2014,Q3,Jun,2014/6/26,139.21,37159
2014,Q3,Jun,2014/6/27,141.18,41656
2014,Q3,Jun,2014/6/28,124.85,45774
2014,Q3,Jun,2014/6/29,141.56,41786
2014,Q3,Jun,2014/6/30,133.59,40578
2014,Q3,Jul,2014/7/1,133.79,37802
2014,Q3,Jul,2014/7/2,136.47,39909
2014,Q3,Jul,2014/7/3,136.94,38087
2014,Q3,Jul,2014/7/4,139.23,40356
2014,Q3,Jul,2014/7/5,162.66,46282
2014,Q3,Jul,2014/7/6,150.8,44921
2014,Q3,Jul,2014/7/7,147.94,45490
2014,Q3,Jul,2014/7/8,146.39,41655
2014,Q3,Jul,2014/7/9,140.86,42783
2014,Q3,Jul,2014/7/10,147.17,43275
2014,Q3,Jul,2014/7/11,142.48,44306
2014,Q3,Jul,2014/7/12,157.54,49979
2014,Q3,Jul,2014/7/13,157.13,48165
2014,Q3,Jul,2014/7/14,142.02,44811
2014,Q3,Jul,2014/7/15,137.34,41779
2014,Q3,Jul,2014/7/16,138.84,42402
2014,Q3,Jul,2014/7/17,142.64,44292
2014,Q3,Jul,2014/7/18,148.97,45679
2014,Q3,Jul,2014/7/19,164.91,50910
2014,Q3,Jul,2014/7/20,138.1,49577
2014,Q3,Jul,2014/7/21,148.59,46375
2014,Q3,Jul,2014/7/22,139.18,42558
2014,Q3,Jul,2014/7/23,138.03,42885
2014,Q3,Jul,2014/7/24,148.87,42977
2014,Q3,Jul,2014/7/25,153.57,46492
2014,Q3,Jul,2014/7/26,181.32,54969
2014,Q3,Jul,2014/7/27,160.53,52579
2014,Q3,Jul,2014/7/28,156.71,50404
2014,Q3,Jul,2014/7/29,147.1,43456
2014,Q3,Jul,2014/7/30,147.2,44474
2014,Q3,Jul,2014/7/31,154.71,45617
2014,Q3,Aug,2014/8/1,152.12,48895
2014,Q3,Aug,2014/8/2,199.76,58527
2014,Q3,Aug,2014/8/3,169.8,57824
2014,Q3,Aug,2014/8/4,182.72,55425
2014,Q3,Aug,2014/8/5,157.42,45767
2014,Q3,Aug,2014/8/6,156.98,46487
2014,Q3,Aug,2014/8/7,157.78,46675
2014,Q3,Aug,2014/8/8,163.64,50584
2014,Q3,Aug,2014/8/9,203.09,61667
2014,Q3,Aug,2014/8/10,172.97,56388
2014,Q3,Aug,2014/8/11,164.7,51265
2014,Q3,Aug,2014/8/12,139.18,41646
2014,Q3,Aug,2014/8/13,116.01,45571
2014,Q3,Aug,2014/8/14,153.9,45199
2014,Q3,Aug,2014/8/15,163.82,47588
2014,Q3,Aug,2014/8/16,176.27,53160
2014,Q3,Aug,2014/8/17,166.75,51088
2014,Q3,Aug,2014/8/18,155.61,46409
2014,Q3,Aug,2014/8/19,145.57,42958
2014,Q3,Aug,2014/8/20,151.62,44960
2014,Q3,Aug,2014/8/21,159.79,46072
2014,Q3,Aug,2014/8/22,163.95,47435
2014,Q3,Aug,2014/8/23,173.76,49703
2014,Q3,Aug,2014/8/24,159.97,49193
2014,Q3,Aug,2014/8/25,160.99,48147
2014,Q3,Aug,2014/8/26,151.43,44233
2014,Q3,Aug,2014/8/27,139.46,42474
2014,Q3,Aug,2014/8/28,138.96,41636
2014,Q3,Aug,2014/8/29,149.18,45429
2014,Q3,Aug,2014/8/30,155.96,48340
2014,Q3,Aug,2014/8/31,144.59,44324
2014,Q3,Sep,2014/9/1,133.36,41875
2014,Q3,Sep,2014/9/2,132.64,38892
2014,Q3,Sep,2014/9/3,136.32,40132
2014,Q3,Sep,2014/9/4,136.1,38482
2014,Q3,Sep,2014/9/5,137.9,42813
2014,Q3,Sep,2014/9/6,159.59,53264
2014,Q3,Sep,2014/9/7,159.59,49114
2014,Q3,Sep,2014/9/8,131.16,47723
2014,Q3,Sep,2014/9/9,138.3,45362
2014,Q3,Sep,2014/9/10,132.92,40195
2014,Q3,Sep,2014/9/11,137,40793
2014,Q3,Sep,2014/9/12,139.91,42577
2014,Q3,Sep,2014/9/13,144.61,43394
2014,Q3,Sep,2014/9/14,132.22,40022
2014,Q3,Sep,2014/9/15,134.75,39751
2014,Q3,Sep,2014/9/16,130.08,37557
2014,Q3,Sep,2014/9/17,125.56,36928
2014,Q3,Sep,2014/9/18,119.1,34776
2014,Q3,Sep,2014/9/19,121.88,39586
2014,Q3,Sep,2014/9/20,138.49,42300
2014,Q3,Sep,2014/9/21,127.46,40118
2014,Q3,Sep,2014/9/22,133.35,41297
2014,Q3,Sep,2014/9/23,133.66,39135
2014,Q3,Sep,2014/9/24,137.98,38718
2014,Q3,Sep,2014/9/25,134.9,38841
2014,Q3,Sep,2014/9/26,141.06,41210
2014,Q3,Sep,2014/9/27,140.34,37763
2014,Q3,Sep,2014/9/28,147.83,40527
2014,Q3,Sep,2014/9/29,142.11,42018
2014,Q3,Sep,2014/9/30,160.19,50547
